-- phpMyAdmin SQL Dump
-- version 4.8.3
-- https://www.phpmyadmin.net/
--
-- Host: 127.0.0.1
-- Generation Time: Apr 23, 2019 at 11:42 AM
-- Server version: 10.1.37-MariaDB
-- PHP Version: 7.2.12

SET SQL_MODE = "NO_AUTO_VALUE_ON_ZERO";
SET AUTOCOMMIT = 0;
START TRANSACTION;
SET time_zone = "+00:00";


/*!40101 SET @OLD_CHARACTER_SET_CLIENT=@@CHARACTER_SET_CLIENT */;
/*!40101 SET @OLD_CHARACTER_SET_RESULTS=@@CHARACTER_SET_RESULTS */;
/*!40101 SET @OLD_COLLATION_CONNECTION=@@COLLATION_CONNECTION */;
/*!40101 SET NAMES utf8mb4 */;

--
-- Database: `api`
--

-- --------------------------------------------------------

--
-- Table structure for table `migrations`
--

CREATE TABLE `migrations` (
  `id` int(10) UNSIGNED NOT NULL,
  `migration` varchar(191) COLLATE utf8mb4_unicode_ci NOT NULL,
  `batch` int(11) NOT NULL
) ENGINE=InnoDB DEFAULT CHARSET=utf8mb4 COLLATE=utf8mb4_unicode_ci;

--
-- Dumping data for table `migrations`
--

INSERT INTO `migrations` (`id`, `migration`, `batch`) VALUES
(1, '2014_10_12_000000_create_users_table', 1),
(2, '2014_10_12_100000_create_password_resets_table', 1),
(3, '2019_04_23_062929_create_products_table', 1);

-- --------------------------------------------------------

--
-- Table structure for table `password_resets`
--

CREATE TABLE `password_resets` (
  `email` varchar(191) COLLATE utf8mb4_unicode_ci NOT NULL,
  `token` varchar(191) COLLATE utf8mb4_unicode_ci NOT NULL,
  `created_at` timestamp NULL DEFAULT NULL
) ENGINE=InnoDB DEFAULT CHARSET=utf8mb4 COLLATE=utf8mb4_unicode_ci;

-- --------------------------------------------------------

--
-- Table structure for table `products`
--

CREATE TABLE `products` (
  `id` bigint(20) UNSIGNED NOT NULL,
  `name` varchar(191) COLLATE utf8mb4_unicode_ci NOT NULL,
  `detail` text COLLATE utf8mb4_unicode_ci NOT NULL,
  `price` int(11) NOT NULL,
  `stock` int(11) NOT NULL,
  `discount` int(11) NOT NULL,
  `created_at` timestamp NULL DEFAULT NULL,
  `updated_at` timestamp NULL DEFAULT NULL
) ENGINE=InnoDB DEFAULT CHARSET=utf8mb4 COLLATE=utf8mb4_unicode_ci;

--
-- Dumping data for table `products`
--

INSERT INTO `products` (`id`, `name`, `detail`, `price`, `stock`, `discount`, `created_at`, `updated_at`) VALUES
(1, 'reprehenderit', 'Et rem ipsam accusantium autem tenetur. Praesentium ullam rem architecto voluptatem. Reiciendis aut neque nostrum sit.', 523, 9, 11, '2019-04-23 05:42:43', '2019-04-23 05:42:43'),
(2, 'optio', 'Et temporibus dicta enim aliquam velit quis amet. Animi ut laudantium rerum minus consequatur.', 915, 0, 12, '2019-04-23 05:42:43', '2019-04-23 05:42:43'),
(3, 'officia', 'Nulla ullam dolore alias quis sapiente. Autem dolorem occaecati et optio non libero culpa. Enim soluta et itaque debitis dolorem ut et perferendis. Iure libero quasi quos sunt. Aut veniam cumque praesentium asperiores.', 504, 1, 13, '2019-04-23 05:42:43', '2019-04-23 05:42:43'),
(4, 'dolorum', 'Quia soluta fuga qui ut qui sint. Natus nisi neque dicta sit quo qui facilis. Quia distinctio quo architecto ipsa.', 521, 9, 29, '2019-04-23 05:42:43', '2019-04-23 05:42:43'),
(5, 'repellat', 'Et omnis et odit culpa eos quidem. Debitis animi quis dolores optio. Ut aut cumque iste illo dolores magni. Dignissimos ullam sint totam necessitatibus.', 502, 2, 7, '2019-04-23 05:42:43', '2019-04-23 05:42:43'),
(6, 'fugiat', 'Numquam voluptates voluptatem quidem animi. Atque aperiam laborum fugit dicta. Occaecati at quos sint iure praesentium.', 593, 0, 16, '2019-04-23 05:42:43', '2019-04-23 05:42:43'),
(7, 'nisi', 'Non dolorem exercitationem officia eius velit cupiditate. Quis cumque rem qui. Ipsam soluta veritatis excepturi blanditiis ab.', 510, 7, 2, '2019-04-23 05:42:43', '2019-04-23 05:42:43'),
(8, 'nisi', 'Doloribus ut totam ut mollitia enim dolorem vel. Ipsam molestiae temporibus illum cum iure temporibus. Dolores expedita quis incidunt et quos explicabo sequi nam.', 571, 8, 8, '2019-04-23 05:42:43', '2019-04-23 05:42:43'),
(9, 'quibusdam', 'Ea deleniti maxime et corporis. Amet ab vitae laboriosam cupiditate temporibus corporis id. Ex autem temporibus veritatis magni voluptates quis.', 895, 4, 9, '2019-04-23 05:42:43', '2019-04-23 05:42:43'),
(10, 'enim', 'Est laboriosam repellendus culpa sit est. Asperiores omnis dignissimos quia ut sint. Nisi velit a nemo iste et rerum.', 272, 9, 11, '2019-04-23 05:42:43', '2019-04-23 05:42:43'),
(11, 'eos', 'Nostrum dolor explicabo at dolor iste voluptatem labore. Eos tenetur sint laudantium doloremque rerum sit. Reiciendis non et eos odio delectus animi velit consequuntur. Itaque iure voluptatem earum voluptates laboriosam omnis dolores. Veniam odit rerum ab.', 222, 6, 25, '2019-04-23 05:42:43', '2019-04-23 05:42:43'),
(12, 'illum', 'Repellat aliquam illo commodi esse quia quisquam. Vel aut incidunt temporibus quia nobis fugit. Et aut alias quaerat eos ullam molestiae magni. Vero nihil fugit asperiores minus sit ipsa rerum.', 594, 7, 30, '2019-04-23 05:42:43', '2019-04-23 05:42:43'),
(13, 'eos', 'Accusantium dolor minima qui suscipit et. Deserunt rerum deleniti vero dicta dolor eos et. Rerum praesentium dolorem consectetur repellat.', 324, 6, 29, '2019-04-23 05:42:43', '2019-04-23 05:42:43'),
(14, 'ea', 'Voluptate voluptatem corrupti distinctio est facere sit. Et fuga odit culpa quibusdam. At vitae harum voluptates incidunt doloremque.', 143, 2, 16, '2019-04-23 05:42:43', '2019-04-23 05:42:43'),
(15, 'enim', 'Iste eum et iusto ut sunt ullam. Magnam dolor voluptate quisquam beatae vero eum quasi et.', 626, 4, 5, '2019-04-23 05:42:44', '2019-04-23 05:42:44'),
(16, 'quisquam', 'Quaerat quidem velit alias facilis. Ratione explicabo id et unde. Velit corrupti non sit ut et. Sit quidem reiciendis aut.', 130, 6, 30, '2019-04-23 05:42:44', '2019-04-23 05:42:44'),
(17, 'sed', 'Nemo omnis beatae dolorem accusamus ipsum sed quia atque. Hic aliquid perferendis fuga iste cum voluptas. Aut aut ea minus blanditiis sed sit voluptatem magni.', 334, 8, 17, '2019-04-23 05:42:44', '2019-04-23 05:42:44'),
(18, 'vel', 'Non adipisci perferendis sit. Tenetur est ducimus autem magni sed reprehenderit blanditiis.', 116, 6, 10, '2019-04-23 05:42:44', '2019-04-23 05:42:44'),
(19, 'magnam', 'Veritatis modi delectus tenetur rerum. Quas recusandae quis qui totam quo magni. Nisi quas suscipit voluptas explicabo voluptatem placeat voluptates.', 787, 1, 15, '2019-04-23 05:42:44', '2019-04-23 05:42:44'),
(20, 'pariatur', 'Adipisci consequatur consectetur et nobis sit autem aliquam. Ab molestias perferendis natus qui. Dolores dolores asperiores quos occaecati in.', 778, 6, 14, '2019-04-23 05:42:44', '2019-04-23 05:42:44'),
(21, 'omnis', 'Voluptatibus qui dolore dolores inventore nesciunt labore nesciunt. Ex deleniti expedita id rerum. Ut officiis officiis non quasi odit earum saepe aut.', 511, 9, 9, '2019-04-23 05:42:44', '2019-04-23 05:42:44'),
(22, 'magni', 'Veritatis cum reiciendis hic et qui. Nobis hic in ea earum sunt. Recusandae saepe voluptatibus laboriosam qui ipsam. Optio aut itaque facilis et.', 509, 9, 30, '2019-04-23 05:42:44', '2019-04-23 05:42:44'),
(23, 'assumenda', 'Illo fuga doloremque minima inventore. Aut sit deleniti ex qui modi qui. Nisi atque autem debitis ut. Quis iusto magnam provident eaque at.', 949, 3, 14, '2019-04-23 05:42:44', '2019-04-23 05:42:44'),
(24, 'dolorem', 'Est odit eos ratione at dolorem accusamus. Qui excepturi dicta minus odio non quidem. Incidunt est nam perferendis officia. Et quam ut et. Repellendus non fugiat vel.', 643, 9, 14, '2019-04-23 05:42:44', '2019-04-23 05:42:44'),
(25, 'sed', 'Et ex excepturi magni eaque. Iusto quia ut totam rem qui optio. Vitae ipsum sint officiis. Culpa velit neque similique ut earum nemo et.', 832, 9, 16, '2019-04-23 05:42:44', '2019-04-23 05:42:44'),
(26, 'ut', 'Ut quidem quisquam est atque quae est. Officiis et eum consectetur culpa ex est. Repellendus laborum quas accusamus quos. Dolore fugiat quia vitae voluptates mollitia.', 817, 7, 23, '2019-04-23 05:42:44', '2019-04-23 05:42:44'),
(27, 'ratione', 'Laudantium sint dignissimos molestiae aliquid placeat saepe culpa dolores. Natus exercitationem consectetur ut sit. Itaque et quos tempore corporis doloremque eum. Accusantium quis soluta rerum ab.', 395, 7, 4, '2019-04-23 05:42:44', '2019-04-23 05:42:44'),
(28, 'qui', 'Quaerat nostrum dolorem molestias cupiditate illum voluptatum ipsam. Voluptatem ut in iste sed nemo voluptas iste. Quasi magni at nisi laborum explicabo et et. Temporibus quia dolor ut quo porro.', 776, 1, 27, '2019-04-23 05:42:44', '2019-04-23 05:42:44'),
(29, 'in', 'Aut natus ut ullam eaque esse sunt. Ex corporis corporis quo ea. Nostrum reiciendis incidunt minus nihil aut quis provident esse.', 473, 9, 18, '2019-04-23 05:42:44', '2019-04-23 05:42:44'),
(30, 'et', 'Laudantium molestiae ipsum et ad vel occaecati officia. Libero animi quam debitis dolores. Voluptatem aut at dolores quam eaque perferendis. Modi harum ut nam quis.', 923, 6, 4, '2019-04-23 05:42:44', '2019-04-23 05:42:44'),
(31, 'eligendi', 'Est eveniet porro laudantium id eos quasi ea. Qui assumenda libero qui quod doloribus libero. Qui magnam aut alias qui voluptatem odio. Debitis qui modi quia animi hic repellendus perspiciatis.', 186, 8, 6, '2019-04-23 05:42:44', '2019-04-23 05:42:44'),
(32, 'corporis', 'Autem sint consequatur accusamus ipsum reiciendis est. Nemo officiis quis excepturi voluptatem. Et quia libero eaque repellat fugiat alias quidem. Recusandae aut ut facere repellendus corporis.', 829, 7, 15, '2019-04-23 05:42:44', '2019-04-23 05:42:44'),
(33, 'iusto', 'Vitae sunt aut culpa quisquam voluptatem dolor. Fugiat dolor soluta qui accusamus blanditiis vel. Provident dolores est incidunt aliquam alias et.', 918, 4, 7, '2019-04-23 05:42:44', '2019-04-23 05:42:44'),
(34, 'et', 'In error explicabo minus quis sit. Porro et ratione pariatur possimus eos impedit. Doloremque adipisci provident ipsa pariatur in dolores. Cupiditate exercitationem quo fuga ut consectetur voluptate.', 715, 6, 10, '2019-04-23 05:42:44', '2019-04-23 05:42:44'),
(35, 'esse', 'Corporis ea rem et assumenda ea officia eos. Sunt atque accusamus sit est nostrum. Quos eum nostrum error quis voluptatem eos.', 305, 5, 16, '2019-04-23 05:42:44', '2019-04-23 05:42:44'),
(36, 'debitis', 'Ab accusamus ut porro illo qui consequatur facere quaerat. Eveniet suscipit doloribus ipsum adipisci voluptatem et iure. Expedita eos quas tenetur saepe aperiam et. Vero rem non tempora ad provident quaerat.', 713, 3, 13, '2019-04-23 05:42:44', '2019-04-23 05:42:44'),
(37, 'qui', 'Saepe illum voluptatum hic corrupti. Ad ut dolorem autem officiis commodi consequatur recusandae deserunt. Exercitationem voluptas sunt molestiae nulla mollitia aliquid perspiciatis voluptas. Nemo odio qui aut omnis illo.', 563, 6, 14, '2019-04-23 05:42:44', '2019-04-23 05:42:44'),
(38, 'vitae', 'Deleniti earum exercitationem nihil et laboriosam ab vitae. Nesciunt et delectus quia animi ut et nam rerum. Minima quos vitae sequi tempore et quod. Reprehenderit aut soluta aliquid omnis aut voluptatem totam.', 811, 1, 23, '2019-04-23 05:42:45', '2019-04-23 05:42:45'),
(39, 'ipsa', 'Maxime distinctio iure ipsum nihil quis nulla neque quos. Ut et fugiat rerum laudantium et. A rem at voluptas corporis.', 194, 6, 5, '2019-04-23 05:42:45', '2019-04-23 05:42:45'),
(40, 'unde', 'Recusandae autem aliquam quis rerum consequatur saepe. Quia enim molestiae architecto aliquam qui nesciunt vero sed. Nam ullam sequi quia.', 589, 4, 21, '2019-04-23 05:42:45', '2019-04-23 05:42:45'),
(41, 'pariatur', 'Consequatur animi voluptatem cum animi. Sed ducimus quod numquam deserunt non velit. Et sit dicta atque iure.', 465, 5, 7, '2019-04-23 05:42:45', '2019-04-23 05:42:45'),
(42, 'ea', 'Id odit quia ea eius consequatur ratione. Dicta reiciendis error voluptatem. Est omnis voluptas labore ipsam veniam reprehenderit.', 697, 8, 20, '2019-04-23 05:42:45', '2019-04-23 05:42:45'),
(43, 'error', 'Doloremque voluptatem voluptas est quasi alias quidem. Qui est illum mollitia autem non. Occaecati beatae molestias tenetur aperiam et non deleniti.', 914, 7, 5, '2019-04-23 05:42:45', '2019-04-23 05:42:45'),
(44, 'qui', 'Alias qui doloribus ut est. Voluptatem harum vitae reprehenderit temporibus sed dolore. Suscipit ut hic corporis animi ullam. Sapiente et praesentium magnam ut tempora ipsa exercitationem placeat.', 688, 3, 6, '2019-04-23 05:42:45', '2019-04-23 05:42:45'),
(45, 'qui', 'Quia et praesentium eos molestiae odio minima. Accusamus dolores ea voluptatum repellat est voluptas. Neque reprehenderit non rerum fugiat quisquam. Laboriosam ipsum rem excepturi quos nihil architecto.', 210, 6, 14, '2019-04-23 05:42:45', '2019-04-23 05:42:45'),
(46, 'non', 'Voluptatem omnis nisi reiciendis quia iure minus earum. Laborum dignissimos voluptatibus officia quo quisquam placeat possimus. Et commodi qui quia adipisci cupiditate.', 973, 4, 20, '2019-04-23 05:42:45', '2019-04-23 05:42:45'),
(47, 'necessitatibus', 'Qui harum exercitationem enim libero sed non. Eos asperiores corrupti hic.', 925, 7, 11, '2019-04-23 05:42:45', '2019-04-23 05:42:45'),
(48, 'a', 'Quia quis non vel. Et distinctio occaecati omnis fugit non. Minus culpa hic eum minima. Velit ducimus et magnam modi.', 225, 9, 13, '2019-04-23 05:42:45', '2019-04-23 05:42:45'),
(49, 'sed', 'Cum et fugit aut vero. Est ullam nam et tenetur ut aut voluptas tenetur. Atque doloremque vel ut commodi.', 695, 4, 3, '2019-04-23 05:42:45', '2019-04-23 05:42:45'),
(50, 'aut', 'Omnis ipsa et hic optio. Nostrum quia deleniti autem at dolor. Ut et vero asperiores.', 334, 3, 29, '2019-04-23 05:42:45', '2019-04-23 05:42:45'),
(51, 'autem', 'Est perspiciatis ut autem non excepturi hic. Voluptas optio et nulla. Expedita molestias porro placeat ullam numquam.', 715, 5, 10, '2019-04-23 05:44:11', '2019-04-23 05:44:11'),
(52, 'rerum', 'Enim temporibus sit ipsam labore. Sed qui harum non nesciunt. Minus quidem harum sit praesentium nam temporibus natus quam.', 572, 7, 27, '2019-04-23 05:44:11', '2019-04-23 05:44:11'),
(53, 'fugit', 'Et quis quam aut nulla. Et ea deleniti fugiat ea. Sunt animi et earum veniam dolor minus. Corrupti distinctio laborum et enim suscipit reiciendis.', 710, 2, 14, '2019-04-23 05:44:11', '2019-04-23 05:44:11'),
(54, 'nihil', 'Id tempore repellat veritatis ipsum omnis. Quam minus numquam voluptas accusantium. Fugiat sint quis qui quasi molestiae fugit.', 176, 9, 9, '2019-04-23 05:44:11', '2019-04-23 05:44:11'),
(55, 'itaque', 'Necessitatibus eligendi est distinctio quisquam. Voluptas suscipit doloribus quaerat optio. Possimus tempore quod deleniti vel aut adipisci voluptas consequatur.', 572, 6, 13, '2019-04-23 05:44:11', '2019-04-23 05:44:11'),
(56, 'non', 'Sint ea et enim quo. Aspernatur ipsa doloribus temporibus repellendus doloribus cupiditate sapiente. Hic eum quia ducimus aut sed cum. Nesciunt dolorem temporibus reiciendis repudiandae.', 214, 3, 26, '2019-04-23 05:44:11', '2019-04-23 05:44:11'),
(57, 'et', 'Nulla dignissimos natus quo aut. Et nihil impedit odit quidem. Aut nesciunt fuga esse doloribus facilis nesciunt.', 696, 6, 9, '2019-04-23 05:44:11', '2019-04-23 05:44:11'),
(58, 'et', 'Qui ipsa nulla culpa aut. Velit ut dolor voluptas enim delectus et dolorem praesentium. Voluptate nemo neque veritatis labore rerum voluptatum.', 711, 2, 9, '2019-04-23 05:44:11', '2019-04-23 05:44:11'),
(59, 'officia', 'Nihil possimus ab modi perferendis explicabo et ullam. Velit ratione voluptatem occaecati eum. Sed illum aut et est omnis. Soluta vel nam aut qui voluptatum omnis nobis aut.', 338, 2, 28, '2019-04-23 05:44:11', '2019-04-23 05:44:11'),
(60, 'ut', 'Ab sed praesentium qui sit quo hic iste voluptates. Aut voluptate voluptas aut voluptate quod voluptatem iste. Sed tempore quis autem sed.', 893, 3, 15, '2019-04-23 05:44:11', '2019-04-23 05:44:11'),
(61, 'delectus', 'Recusandae voluptatibus quam harum qui aut illum inventore. Autem officia sed et recusandae dignissimos. Incidunt laudantium quisquam odit quis.', 613, 2, 9, '2019-04-23 05:44:11', '2019-04-23 05:44:11'),
(62, 'architecto', 'Rerum sit doloribus vero et voluptatem distinctio. Consectetur rerum fugiat voluptas non. Laudantium temporibus aspernatur dolorum. Fugit id fugit quisquam sed aut consequuntur ea corporis. Voluptatibus quisquam ullam enim quam voluptate.', 465, 0, 20, '2019-04-23 05:44:11', '2019-04-23 05:44:11'),
(63, 'aut', 'Repellat velit amet et adipisci sequi consequatur. Voluptatem voluptatem asperiores excepturi in fuga consequatur nam. Quidem sunt corrupti inventore et distinctio cumque nam aut. Dolorum et sequi harum minus delectus consequuntur tempore.', 418, 9, 21, '2019-04-23 05:44:11', '2019-04-23 05:44:11'),
(64, 'deleniti', 'Et omnis laboriosam autem ipsum. Tempora fuga id dolore optio quas cum. Minima ut commodi at iste molestias. Tempore qui et illo dolorem.', 182, 4, 25, '2019-04-23 05:44:11', '2019-04-23 05:44:11'),
(65, 'est', 'Dolorem eum eum sed est doloribus labore temporibus. Ab labore optio sit placeat. Quia repellendus neque dolorem.', 894, 3, 2, '2019-04-23 05:44:11', '2019-04-23 05:44:11'),
(66, 'vel', 'Harum cupiditate ea perferendis tempora ipsum. Dolores modi ad ipsum.', 909, 4, 10, '2019-04-23 05:44:11', '2019-04-23 05:44:11'),
(67, 'eveniet', 'Qui quia repellendus eaque maiores maxime ratione rerum. Eaque ullam quae rerum est sit. Quidem itaque natus deserunt porro voluptatum labore tempore sed. Ut voluptatum minima consequuntur possimus numquam pariatur repudiandae qui.', 426, 9, 16, '2019-04-23 05:44:12', '2019-04-23 05:44:12'),
(68, 'voluptatum', 'Quas qui laborum tempore ipsum vel nobis. Non quo deleniti ut quibusdam suscipit vel. Soluta molestias reiciendis veritatis esse et architecto.', 828, 0, 8, '2019-04-23 05:44:12', '2019-04-23 05:44:12'),
(69, 'aut', 'Doloribus non recusandae voluptatem velit error ad. Velit fuga maiores repudiandae rerum. Non ad sed facilis dicta. Voluptates debitis quis hic doloribus.', 219, 0, 24, '2019-04-23 05:44:12', '2019-04-23 05:44:12'),
(70, 'sed', 'Ut labore quibusdam suscipit. Dolor iste libero quia et quia. Quia officiis at iste assumenda.', 990, 1, 3, '2019-04-23 05:44:12', '2019-04-23 05:44:12'),
(71, 'nesciunt', 'Iusto enim ea ea fugiat. Laudantium magni et dolor non quae. Ex laboriosam eveniet reiciendis expedita non. Incidunt tempora eos est quos ut velit accusantium.', 696, 7, 21, '2019-04-23 05:44:12', '2019-04-23 05:44:12'),
(72, 'aliquid', 'Sed voluptatum at consequuntur inventore odit sit. Est praesentium omnis nisi. Ut sit quia accusamus enim optio sit.', 789, 1, 28, '2019-04-23 05:44:12', '2019-04-23 05:44:12'),
(73, 'voluptatem', 'Et officia magnam eos. Quidem aliquid exercitationem quis voluptas non. Enim est veritatis assumenda commodi totam quo maiores. Non placeat illo qui dolores quasi.', 233, 5, 12, '2019-04-23 05:44:12', '2019-04-23 05:44:12'),
(74, 'modi', 'Eaque omnis voluptates consectetur expedita vero quia. Veniam facilis fugit porro et earum dolores. Suscipit totam corrupti maiores beatae dicta.', 939, 4, 25, '2019-04-23 05:44:12', '2019-04-23 05:44:12'),
(75, 'ut', 'Et molestiae libero minima dignissimos voluptas. Fugit voluptatum ipsum sed accusantium ipsam. Non assumenda dolore molestiae ut ducimus error dolor quos.', 481, 3, 7, '2019-04-23 05:44:12', '2019-04-23 05:44:12'),
(76, 'hic', 'Odit aut quia voluptatem. Reiciendis eum minus quia commodi reprehenderit. Nemo sunt porro ut temporibus pariatur. Ut omnis quod nobis corrupti.', 656, 9, 2, '2019-04-23 05:44:12', '2019-04-23 05:44:12'),
(77, 'quisquam', 'Iusto quibusdam consequatur quo error fugiat doloribus et. Ab est unde sequi sed libero. Dolores facilis vel ut dolores qui.', 642, 1, 26, '2019-04-23 05:44:12', '2019-04-23 05:44:12'),
(78, 'incidunt', 'Eaque et numquam sit minima fuga voluptas sit itaque. Qui omnis sed rerum et sint qui molestiae. Non quaerat sed non saepe dicta quasi. Sit illo non esse vitae vel.', 663, 2, 8, '2019-04-23 05:44:12', '2019-04-23 05:44:12'),
(79, 'sequi', 'Aut aut consequatur neque. Nostrum mollitia eos accusamus placeat. Nam deserunt perspiciatis exercitationem quisquam. Magni quia nam pariatur maxime voluptatem natus expedita.', 711, 2, 3, '2019-04-23 05:44:12', '2019-04-23 05:44:12'),
(80, 'aut', 'Officiis eaque et provident. Sunt fugit ea esse commodi neque. Et omnis occaecati neque doloremque est animi aut.', 412, 6, 3, '2019-04-23 05:44:12', '2019-04-23 05:44:12'),
(81, 'doloribus', 'Voluptatem quaerat ut asperiores in dolore ut est. Sit ea recusandae fugit tenetur temporibus. Est perspiciatis excepturi est qui mollitia consequatur. Qui suscipit distinctio illo eos ut minima adipisci.', 834, 3, 8, '2019-04-23 05:44:12', '2019-04-23 05:44:12'),
(82, 'nobis', 'Est aut maxime incidunt voluptate. Dolorum tempora et quo facilis dolorum repellat. Sint quibusdam magnam quis facilis vel et quibusdam.', 142, 3, 10, '2019-04-23 05:44:12', '2019-04-23 05:44:12'),
(83, 'perspiciatis', 'Unde nihil et voluptas aut voluptate. Cumque ullam nihil totam itaque aliquid. Sed dolores repudiandae sit qui aperiam. Possimus repellat sit sit ut dolore.', 136, 7, 15, '2019-04-23 05:44:12', '2019-04-23 05:44:12'),
(84, 'eveniet', 'Nemo aut autem quis expedita. Ut est maiores labore deleniti tenetur laborum non. Perspiciatis expedita ut fugit commodi qui distinctio.', 244, 5, 6, '2019-04-23 05:44:13', '2019-04-23 05:44:13'),
(85, 'inventore', 'Ut laborum nihil amet quo nihil aspernatur. Perspiciatis earum sequi dolore et quis ullam. Ratione quo tempore dolor sit expedita quas quod. Laboriosam perferendis quibusdam at quis quia eum aut.', 995, 1, 29, '2019-04-23 05:44:13', '2019-04-23 05:44:13'),
(86, 'consequatur', 'Odio minima error est quo. Sed est sit facere in. Ratione in occaecati quam officia qui.', 300, 3, 12, '2019-04-23 05:44:13', '2019-04-23 05:44:13'),
(87, 'necessitatibus', 'Delectus sit libero quaerat cumque distinctio est itaque. Ullam omnis sit dolorum consequatur perspiciatis. Cumque a nesciunt nulla saepe dolore. Sint ab voluptas neque aut.', 554, 7, 2, '2019-04-23 05:44:13', '2019-04-23 05:44:13'),
(88, 'optio', 'Beatae adipisci eos rerum laboriosam voluptatem necessitatibus totam. Dignissimos odit ad minus ea voluptas laborum molestiae. Necessitatibus nam rerum soluta in mollitia mollitia dolorem sed. Nesciunt officia autem aut iure animi.', 728, 0, 8, '2019-04-23 05:44:13', '2019-04-23 05:44:13'),
(89, 'veniam', 'Ipsa alias quos odit illo ab in. Dolores reiciendis qui eligendi eum consequatur at corporis. Dolorem accusamus laudantium nulla consectetur magnam accusantium.', 901, 5, 4, '2019-04-23 05:44:13', '2019-04-23 05:44:13'),
(90, 'eos', 'Est ut eligendi facere reiciendis voluptatem ducimus nesciunt veritatis. Doloribus aut ut sed autem explicabo. Esse provident quo dolore eligendi. Eius quia ut temporibus quia sint quia. Aut harum cum in aut expedita dicta id atque.', 826, 5, 3, '2019-04-23 05:44:13', '2019-04-23 05:44:13'),
(91, 'aut', 'Aut libero earum nulla voluptatem. Eum eius accusantium odio omnis et qui totam. Sit iusto enim debitis. Autem ut suscipit est.', 300, 6, 11, '2019-04-23 05:44:13', '2019-04-23 05:44:13'),
(92, 'qui', 'Adipisci sunt non ut voluptatem voluptatum ipsam animi quas. Nam exercitationem iste beatae inventore dignissimos eligendi qui. Facilis aut quo iste tenetur atque ducimus.', 138, 9, 7, '2019-04-23 05:44:13', '2019-04-23 05:44:13'),
(93, 'velit', 'Non quod provident maiores fuga quo laudantium nulla non. Nihil voluptatem id fugiat autem exercitationem aperiam quos. Quo fugiat possimus fuga praesentium expedita ad.', 438, 4, 15, '2019-04-23 05:44:13', '2019-04-23 05:44:13'),
(94, 'non', 'Dolorem ab repellat vel eveniet. Repellat pariatur nisi sint dicta repudiandae qui iure.', 693, 0, 4, '2019-04-23 05:44:13', '2019-04-23 05:44:13'),
(95, 'vero', 'Laborum quis officiis quia non. Est rerum quis possimus sint.', 846, 8, 27, '2019-04-23 05:44:13', '2019-04-23 05:44:13'),
(96, 'et', 'Quia deserunt sed sint sint a. Aspernatur officiis quaerat rem esse. Facere quae cumque deserunt debitis.', 277, 6, 10, '2019-04-23 05:44:13', '2019-04-23 05:44:13'),
(97, 'consequatur', 'Aut dolorum officia doloribus qui qui voluptate dolores. Sapiente temporibus voluptas totam laborum corrupti ut est commodi. At delectus fugiat quos praesentium suscipit natus nemo. Rerum quaerat dignissimos sint ducimus beatae ratione.', 309, 5, 6, '2019-04-23 05:44:13', '2019-04-23 05:44:13'),
(98, 'hic', 'Laudantium dolorum qui dicta ab. Excepturi est excepturi natus a architecto. Et ipsa assumenda est debitis nemo qui rem ipsum. Officia voluptatem dignissimos autem rerum odit quo tempore adipisci.', 255, 7, 9, '2019-04-23 05:44:13', '2019-04-23 05:44:13'),
(99, 'et', 'Non et quasi voluptates sunt eum excepturi quos. Officiis aut et doloribus. Ut ut atque qui.', 288, 2, 20, '2019-04-23 05:44:13', '2019-04-23 05:44:13'),
(100, 'sint', 'Vero perferendis qui rerum repellendus natus debitis. Voluptatibus ipsam laudantium aut exercitationem dolores. Assumenda qui asperiores nobis in dolor voluptatem. Magnam dolor ratione et.', 471, 3, 29, '2019-04-23 05:44:13', '2019-04-23 05:44:13');

-- --------------------------------------------------------

--
-- Table structure for table `reviews`
--

CREATE TABLE `reviews` (
  `id` bigint(20) UNSIGNED NOT NULL,
  `product_id` int(10) UNSIGNED NOT NULL,
  `customer` varchar(191) COLLATE utf8mb4_unicode_ci NOT NULL,
  `review` text COLLATE utf8mb4_unicode_ci NOT NULL,
  `star` int(11) NOT NULL,
  `created_at` timestamp NULL DEFAULT NULL,
  `updated_at` timestamp NULL DEFAULT NULL
) ENGINE=InnoDB DEFAULT CHARSET=utf8mb4 COLLATE=utf8mb4_unicode_ci;

--
-- Dumping data for table `reviews`
--

INSERT INTO `reviews` (`id`, `product_id`, `customer`, `review`, `star`, `created_at`, `updated_at`) VALUES
(1, 34, 'Jeremy Shanahan', 'Ut repellat sint corrupti asperiores dolores. Aut et ut vel maxime quo. Quibusdam amet ut laboriosam.', 3, '2019-04-23 05:44:15', '2019-04-23 05:44:15'),
(2, 12, 'Regan Kris', 'Odit quod temporibus ratione et ab. Eveniet accusamus tempora veritatis iusto. Eum quia voluptatem id provident nulla. Magni dolores deserunt dolorem.', 1, '2019-04-23 05:44:15', '2019-04-23 05:44:15'),
(3, 84, 'Mrs. Vallie Wiegand V', 'Sunt eveniet est reiciendis dolore reprehenderit veritatis. Debitis et aut ipsum velit. Earum eveniet eum officiis officiis nihil qui. Tempora enim similique rem placeat neque.', 5, '2019-04-23 05:44:15', '2019-04-23 05:44:15'),
(4, 53, 'Brady Schmeler', 'Excepturi voluptate sit repellendus incidunt minima excepturi. Porro autem suscipit ipsa autem. In nemo consequatur magnam eum saepe ullam.', 2, '2019-04-23 05:44:15', '2019-04-23 05:44:15'),
(5, 24, 'Gregoria Runolfsson', 'Nihil at necessitatibus aut maiores. Dolores sint explicabo iste et et illum. Nobis veniam quas fuga.', 4, '2019-04-23 05:44:15', '2019-04-23 05:44:15'),
(6, 25, 'Mrs. Adriana Luettgen PhD', 'In aliquam rerum impedit eos. Ducimus porro dignissimos voluptatem laborum eos quis est. Et quia qui non magnam magnam tempora veniam quia. Facilis ut dolor non hic voluptates.', 1, '2019-04-23 05:44:15', '2019-04-23 05:44:15'),
(7, 73, 'Geovanny Smith', 'Odio corrupti exercitationem quis illo vitae autem voluptatibus maiores. Quae ea et vero. Corporis provident sapiente soluta. Inventore exercitationem sunt quae sit ab suscipit quas. Rerum ea aliquam nisi soluta sed ex minima.', 2, '2019-04-23 05:44:15', '2019-04-23 05:44:15'),
(8, 42, 'Mrs. Bridget Roob', 'Laboriosam qui doloribus doloribus perspiciatis reprehenderit tempora ducimus. Et rerum temporibus nam et consequuntur nostrum. Ratione eos adipisci et laboriosam sapiente ex ex.', 2, '2019-04-23 05:44:15', '2019-04-23 05:44:15'),
(9, 80, 'Brandi Cremin', 'Id ut quam nam nobis veritatis. Illo qui et ut quaerat quod. Nulla soluta ut aut aut aliquam cum reiciendis. Animi blanditiis provident eligendi tempore pariatur neque quia.', 3, '2019-04-23 05:44:15', '2019-04-23 05:44:15'),
(10, 79, 'Nasir Leannon', 'Quae eum asperiores soluta quod culpa iure voluptates delectus. Unde natus nobis ut quisquam. Dolorem necessitatibus sed dolore ea laborum voluptates ut. Sit dolorum expedita sint voluptatem provident.', 2, '2019-04-23 05:44:15', '2019-04-23 05:44:15'),
(11, 30, 'Regan Schroeder', 'Velit iure laboriosam libero vitae perferendis. Illum eos nihil sequi nobis culpa atque asperiores. Incidunt et sed nesciunt eos corporis.', 4, '2019-04-23 05:44:15', '2019-04-23 05:44:15'),
(12, 33, 'Bianka Wehner', 'Sapiente nostrum ut architecto quia. Recusandae esse voluptatibus voluptate.', 0, '2019-04-23 05:44:15', '2019-04-23 05:44:15'),
(13, 47, 'Nya Jacobi', 'Amet id laborum aut quia. Nesciunt qui similique ullam iusto maiores. Voluptatem nam dolores consectetur autem voluptatum non itaque.', 3, '2019-04-23 05:44:15', '2019-04-23 05:44:15'),
(14, 11, 'Prof. Josiane Labadie DDS', 'Et quia quaerat nesciunt tempora aliquam. Nisi ut est suscipit in vel iure omnis officiis. Ut est in temporibus atque at. Eaque laudantium blanditiis ad dolorum neque. Ea sunt eius earum sint sed fuga aut.', 1, '2019-04-23 05:44:15', '2019-04-23 05:44:15'),
(15, 3, 'Pablo Olson', 'Qui iste optio quasi et et commodi delectus. Aut voluptas dolores est ipsa quis. Animi eum repellat ad et qui doloremque aperiam.', 5, '2019-04-23 05:44:15', '2019-04-23 05:44:15'),
(16, 29, 'Mrs. Dolly Cummings', 'Quasi aperiam blanditiis non. Laboriosam id reiciendis doloribus corrupti nobis ut deleniti. Quis maxime hic labore eveniet eligendi.', 3, '2019-04-23 05:44:15', '2019-04-23 05:44:15'),
(17, 19, 'Shaina Davis', 'Fuga est soluta vitae unde voluptas. Exercitationem rerum dolore dignissimos sit porro tempora cumque. Ut placeat quas sint tempora. Tempora mollitia dolore odit consequatur quisquam.', 5, '2019-04-23 05:44:15', '2019-04-23 05:44:15'),
(18, 63, 'Johann Langosh', 'Ut veniam possimus animi est. Autem quam voluptatibus pariatur voluptatem voluptas corrupti. Ea id et cupiditate occaecati sint sunt adipisci minima. Amet ea dolorum quaerat ut qui aut.', 1, '2019-04-23 05:44:15', '2019-04-23 05:44:15'),
(19, 55, 'Dr. Rico Nader I', 'Id ipsa ut minima mollitia. Nihil quos voluptas aut sed. Quisquam consequatur praesentium nisi.', 1, '2019-04-23 05:44:15', '2019-04-23 05:44:15'),
(20, 61, 'Dr. Kiarra Herzog', 'Ut et dolores accusamus neque quis officia. Et tempore laboriosam aperiam modi molestias corrupti. Atque quia illum consequatur.', 3, '2019-04-23 05:44:15', '2019-04-23 05:44:15'),
(21, 16, 'Mona Abshire Jr.', 'Minus deserunt ullam veritatis sed quo praesentium sit sed. Beatae a dolorem sit commodi voluptatem facilis quis. Iste autem natus corrupti voluptatem recusandae autem dolorem. Rerum laudantium maiores ut cupiditate voluptatem quia ipsa. Consequatur autem consectetur consequatur enim est.', 2, '2019-04-23 05:44:15', '2019-04-23 05:44:15'),
(22, 25, 'Clotilde Marquardt MD', 'Enim et veniam beatae delectus accusantium. Itaque earum dolores recusandae enim non velit quis sit. Quisquam iusto tenetur soluta ab quibusdam rerum assumenda.', 5, '2019-04-23 05:44:15', '2019-04-23 05:44:15'),
(23, 15, 'Dorris Aufderhar', 'Accusamus voluptas voluptatem ratione quia asperiores ut alias dolores. Deleniti ut iste qui voluptatem consequatur minima. Ut repellendus et non illo. Consequatur est inventore accusamus.', 1, '2019-04-23 05:44:15', '2019-04-23 05:44:15'),
(24, 81, 'Reggie Howe', 'Sapiente non voluptas quae repudiandae asperiores. Totam ut ab molestias ut maiores molestias dolorum. Ipsam tenetur qui doloribus dolor. Ut ipsa occaecati reiciendis omnis consequatur. Qui voluptates provident minima rerum quisquam qui pariatur.', 4, '2019-04-23 05:44:15', '2019-04-23 05:44:15'),
(25, 69, 'Miss Leta Schoen', 'Ullam et autem nemo repellendus at. Cupiditate adipisci modi praesentium voluptatem fuga dolor. Incidunt sint beatae voluptatum id at eaque est.', 1, '2019-04-23 05:44:15', '2019-04-23 05:44:15'),
(26, 9, 'Ally Halvorson', 'Quia error dicta aut beatae mollitia et et atque. Maiores doloribus molestiae quae voluptatem impedit facere. Voluptates consequatur et non voluptatem.', 3, '2019-04-23 05:44:16', '2019-04-23 05:44:16'),
(27, 93, 'Dr. Ramon Windler', 'Deserunt totam laborum quia recusandae. Dolore ducimus quos omnis tempora quia. Ut sit enim magni nam dicta.', 3, '2019-04-23 05:44:16', '2019-04-23 05:44:16'),
(28, 83, 'Jorge Vandervort PhD', 'In doloremque porro quia itaque quos. Soluta minus similique exercitationem impedit expedita totam magnam. Libero sit magni assumenda sed ullam et.', 5, '2019-04-23 05:44:16', '2019-04-23 05:44:16'),
(29, 100, 'Darion Frami', 'Pariatur beatae ipsam doloribus magni. Voluptatibus temporibus consequatur animi vel iusto.', 4, '2019-04-23 05:44:16', '2019-04-23 05:44:16'),
(30, 92, 'Lucie Marks', 'Et et voluptatum ipsum numquam earum. Iste saepe illo illo reprehenderit labore delectus voluptatem. Voluptas officiis laudantium delectus nemo id corrupti aliquid ea.', 4, '2019-04-23 05:44:16', '2019-04-23 05:44:16'),
(31, 55, 'Dr. Maxie Torp IV', 'Et unde reprehenderit necessitatibus ad aut. Sed voluptate quibusdam incidunt laboriosam. Non facilis tempore dolor dicta suscipit. Voluptates dolores repellat quia ex corrupti nemo.', 4, '2019-04-23 05:44:16', '2019-04-23 05:44:16'),
(32, 10, 'Darion Metz', 'Officia consequuntur doloremque ad et. Perferendis quis voluptas eos et. Odio est sit eum facere perferendis. Ad iusto et aperiam molestiae inventore dolor ut.', 4, '2019-04-23 05:44:16', '2019-04-23 05:44:16'),
(33, 97, 'Name Hayes', 'Qui eos qui ipsa. Magnam ut quis velit labore deserunt amet. Voluptatem qui aut qui officia iure aspernatur.', 2, '2019-04-23 05:44:16', '2019-04-23 05:44:16'),
(34, 62, 'Samara Bernier', 'Quam magni ab tempore voluptatem id et illum. Mollitia assumenda illum non sed et ut sed.', 3, '2019-04-23 05:44:16', '2019-04-23 05:44:16'),
(35, 66, 'Coralie Hilpert', 'Sit perferendis facere non aperiam. Ipsa eos assumenda explicabo et voluptatem voluptatem unde. Eius expedita dolorum in sapiente est tenetur dolores.', 2, '2019-04-23 05:44:16', '2019-04-23 05:44:16'),
(36, 15, 'Dr. Gianni Doyle', 'Nihil sunt delectus minima perspiciatis cumque qui inventore praesentium. Et inventore velit in qui vel mollitia reiciendis. Saepe ut dolor quaerat dolor velit ea. Qui in excepturi ipsum.', 4, '2019-04-23 05:44:16', '2019-04-23 05:44:16'),
(37, 97, 'Bianka Hoeger', 'Odio cumque reiciendis facere amet veritatis aut. Accusantium vel rerum qui laudantium numquam ad iste. Aut ut quas non porro qui. Perferendis sunt rerum reprehenderit inventore harum veritatis numquam maiores.', 4, '2019-04-23 05:44:16', '2019-04-23 05:44:16'),
(38, 1, 'Reese Robel PhD', 'Cupiditate expedita voluptatibus omnis pariatur. Qui rerum quaerat doloremque voluptas temporibus laudantium commodi. Autem aut ipsum officia tempora.', 3, '2019-04-23 05:44:16', '2019-04-23 05:44:16'),
(39, 10, 'Ms. Jessyca Farrell', 'Asperiores veritatis officia laboriosam quibusdam quo est fugiat dolore. Expedita dolor laborum quia iusto.', 4, '2019-04-23 05:44:16', '2019-04-23 05:44:16'),
(40, 69, 'Celestine Ruecker', 'Officiis numquam sit et est similique nostrum accusamus. Neque eos voluptatem illum ea aut reprehenderit. Eum magni qui aut exercitationem optio.', 5, '2019-04-23 05:44:16', '2019-04-23 05:44:16'),
(41, 84, 'Alicia Blick', 'Quasi itaque nemo ab qui ut quaerat similique. Cumque facilis omnis amet quia. Voluptatem non vitae est deleniti iure nemo ut.', 1, '2019-04-23 05:44:16', '2019-04-23 05:44:16'),
(42, 99, 'Mr. Lew Abshire', 'Libero numquam ab quia in quia. Qui libero ut accusantium accusamus est debitis neque. Modi voluptatem molestiae consectetur animi aut ex. Perferendis voluptas sint non voluptates dolores omnis.', 0, '2019-04-23 05:44:16', '2019-04-23 05:44:16'),
(43, 29, 'Prof. Jared Kulas Sr.', 'Ratione nostrum mollitia ut nihil corrupti. Quae saepe nihil enim porro omnis excepturi rerum. Cumque iusto illo placeat deleniti accusantium. Cupiditate molestiae qui ipsum.', 3, '2019-04-23 05:44:16', '2019-04-23 05:44:16'),
(44, 28, 'Akeem Boyer', 'Placeat a recusandae voluptate qui. Commodi aperiam qui ut sed expedita.', 2, '2019-04-23 05:44:16', '2019-04-23 05:44:16'),
(45, 98, 'Ora Labadie', 'Voluptas dolorem reprehenderit officia ipsa omnis. Possimus cupiditate omnis beatae ex eum. Vel tempora deserunt voluptatem dolor. Architecto non et expedita ea.', 0, '2019-04-23 05:44:16', '2019-04-23 05:44:16'),
(46, 69, 'Mr. Osbaldo Hauck MD', 'Et dolores error quae. Aspernatur voluptates distinctio quae et. Accusamus nihil dolores magni voluptates molestias porro et.', 5, '2019-04-23 05:44:16', '2019-04-23 05:44:16'),
(47, 10, 'Miss Kailey King', 'Ut et est doloremque qui aliquid repellat dolor quo. Et praesentium occaecati in vero explicabo. Eum exercitationem illo maxime qui asperiores qui. Et dicta modi iste repellat debitis est molestias quo.', 3, '2019-04-23 05:44:16', '2019-04-23 05:44:16'),
(48, 12, 'Ms. Ernestine Ankunding DDS', 'Provident impedit quam ea. Unde et facilis quisquam quod omnis excepturi non.', 3, '2019-04-23 05:44:16', '2019-04-23 05:44:16'),
(49, 66, 'Reuben Mitchell', 'Sapiente quis eum molestiae. Omnis consequuntur sit voluptatem cupiditate laborum laborum incidunt. Est inventore et velit quia iusto voluptatem. Dolorem quasi aut vel perspiciatis quia aut numquam.', 3, '2019-04-23 05:44:16', '2019-04-23 05:44:16'),
(50, 61, 'Freddy Terry', 'Porro dignissimos illo qui. Quisquam a amet reiciendis non repudiandae beatae. Aspernatur et quis iure expedita praesentium quia. Occaecati laboriosam ut deleniti eum.', 2, '2019-04-23 05:44:16', '2019-04-23 05:44:16'),
(51, 79, 'Prof. Salvador Ziemann III', 'Dolores occaecati quisquam expedita voluptate nihil aperiam. Nihil rerum et quia aut sint. Unde id deserunt eum eveniet amet pariatur. Neque nesciunt et reiciendis repellendus eveniet suscipit illo.', 2, '2019-04-23 05:44:16', '2019-04-23 05:44:16'),
(52, 4, 'Nelle Nolan', 'Soluta quia ratione sapiente. Perferendis fugiat adipisci ipsam minus. Aut aut excepturi neque beatae unde.', 4, '2019-04-23 05:44:16', '2019-04-23 05:44:16'),
(53, 99, 'Jaylon Cartwright Sr.', 'Corrupti occaecati ipsa nihil quidem. Quia molestiae est eum reiciendis magni. Enim placeat iste aut porro. Est fugiat aut eius est. Ea consequuntur aspernatur dignissimos aut quae.', 3, '2019-04-23 05:44:16', '2019-04-23 05:44:16'),
(54, 20, 'Andres Walter', 'Nam laborum dicta culpa. Cupiditate corrupti sunt quam ab numquam quos odio voluptatem. Facilis nobis occaecati voluptatem quod veniam nostrum. Eligendi recusandae mollitia molestiae animi repudiandae. Totam cum a animi cum suscipit.', 2, '2019-04-23 05:44:16', '2019-04-23 05:44:16'),
(55, 10, 'Julia Windler Jr.', 'Consequatur hic iste accusamus est quia possimus exercitationem. Voluptatem aut repudiandae illum corrupti est. Minus incidunt earum eos eos deleniti sed consectetur. Aut dolore pariatur asperiores exercitationem sapiente.', 1, '2019-04-23 05:44:16', '2019-04-23 05:44:16'),
(56, 40, 'Gillian Raynor', 'Sunt aperiam ut dolores iure aperiam est nihil soluta. Quis quos quos fugiat vitae est. Qui aperiam nemo minima consequatur. Aut cumque minima provident odio qui ipsum. Optio rerum et autem quam.', 2, '2019-04-23 05:44:16', '2019-04-23 05:44:16'),
(57, 22, 'Meagan Stehr', 'Esse temporibus et perferendis dolorem expedita. Optio blanditiis officiis modi consequatur. Corrupti error amet perferendis quod atque dolore.', 0, '2019-04-23 05:44:16', '2019-04-23 05:44:16'),
(58, 21, 'Darron Wunsch DDS', 'Perferendis accusamus occaecati impedit earum. Architecto at sint ipsum aut quis. Dicta eum vero aperiam harum.', 0, '2019-04-23 05:44:16', '2019-04-23 05:44:16'),
(59, 98, 'Mr. Jacques Gislason', 'Odit aperiam ratione eaque. Eum et consequatur omnis dicta velit laborum. Sed saepe commodi itaque exercitationem.', 2, '2019-04-23 05:44:16', '2019-04-23 05:44:16'),
(60, 46, 'Dr. Kiarra Doyle', 'Qui quae libero eum necessitatibus saepe laborum delectus. Aut doloribus quas vitae autem eveniet. Sit ut vel praesentium quis. Dicta sunt voluptas voluptates nemo qui.', 5, '2019-04-23 05:44:16', '2019-04-23 05:44:16'),
(61, 21, 'Dr. Garett Moen V', 'Sit rerum eaque alias quo et aspernatur. Quas qui occaecati qui numquam quos quae laboriosam. Quo est voluptatum et veniam quo rerum veniam doloremque. Odio laboriosam impedit et doloremque quasi a ut quos.', 5, '2019-04-23 05:44:16', '2019-04-23 05:44:16'),
(62, 79, 'Wiley Rohan', 'Qui maiores voluptas eveniet nemo non eum. Voluptatem totam dignissimos ipsam animi ad dolorem ut. Velit laudantium maxime velit at.', 4, '2019-04-23 05:44:16', '2019-04-23 05:44:16'),
(63, 19, 'Juvenal Cormier', 'Et cum voluptas assumenda sequi adipisci nulla. Qui voluptatem occaecati sint totam et voluptas fuga reprehenderit. Aut sed repellat corrupti sequi incidunt vitae et cum.', 4, '2019-04-23 05:44:16', '2019-04-23 05:44:16'),
(64, 66, 'Mr. Alexys Hodkiewicz', 'Non culpa eligendi ullam consequatur inventore. Laboriosam eligendi quis natus. Et porro omnis est harum aut. Assumenda placeat voluptate maiores sit magnam.', 2, '2019-04-23 05:44:17', '2019-04-23 05:44:17'),
(65, 89, 'Dr. Dylan Rippin III', 'Qui cum ducimus dolores quo. Beatae facere molestias inventore laboriosam quo. Et pariatur neque quis ut tenetur reiciendis vero. Laborum voluptatem iste neque assumenda. Excepturi repudiandae quibusdam odit aut.', 4, '2019-04-23 05:44:17', '2019-04-23 05:44:17'),
(66, 2, 'Dr. Jordyn Weimann I', 'Sint officiis atque laudantium. Aut nihil tenetur sed sit. Quod eum illum natus recusandae tenetur. Repellendus a ut possimus omnis.', 3, '2019-04-23 05:44:17', '2019-04-23 05:44:17'),
(67, 16, 'Prof. Greg Grimes', 'Debitis et laudantium voluptatibus voluptas. Eius totam dicta temporibus molestiae et expedita vel. Consequatur et ratione est cum iusto explicabo reprehenderit. Natus quod magni autem debitis dolorem recusandae molestiae.', 3, '2019-04-23 05:44:17', '2019-04-23 05:44:17'),
(68, 33, 'Fabian Hermiston', 'Beatae laboriosam eveniet quae velit. Unde iure vero repellat rem nam similique. Rerum temporibus quo facere eius dolores rem necessitatibus.', 3, '2019-04-23 05:44:17', '2019-04-23 05:44:17'),
(69, 12, 'Abbey Cormier', 'Dicta voluptas consequatur in sapiente distinctio. Aut sit sunt reiciendis error optio. Ducimus perferendis illo molestiae eos inventore.', 2, '2019-04-23 05:44:17', '2019-04-23 05:44:17'),
(70, 92, 'Marjorie Johnson', 'Voluptatem veniam optio aperiam dolor eos id officiis impedit. Magnam in nesciunt qui a explicabo. Debitis quia quibusdam ut tempore quibusdam eveniet dolore. Ea ad adipisci quibusdam consequatur voluptate est est. Quo est doloribus amet et et porro dicta.', 2, '2019-04-23 05:44:17', '2019-04-23 05:44:17'),
(71, 21, 'Dr. Lewis Walsh DDS', 'Facere in quo voluptate consequatur quia. Iste temporibus corrupti est et in molestiae asperiores suscipit. Impedit dicta quia atque sed eaque. Architecto ratione totam voluptates sed qui repellat.', 3, '2019-04-23 05:44:17', '2019-04-23 05:44:17'),
(72, 35, 'Whitney Stark III', 'Optio voluptatibus et rerum magnam porro. Autem eius numquam consectetur dolore eligendi quaerat. Et et sint ut rerum et cum explicabo.', 4, '2019-04-23 05:44:17', '2019-04-23 05:44:17'),
(73, 95, 'Alex Herman III', 'Possimus autem commodi architecto voluptates. Et debitis quo dicta nostrum beatae accusantium voluptatem. Maiores unde ut deleniti qui.', 2, '2019-04-23 05:44:17', '2019-04-23 05:44:17'),
(74, 44, 'Terry Lesch DVM', 'Illo sit sit quo veritatis dolorem. Rem repellat qui minima ut. Necessitatibus ipsa molestiae ipsum eveniet rerum.', 0, '2019-04-23 05:44:17', '2019-04-23 05:44:17'),
(75, 77, 'Osvaldo Boyle', 'Aut et perferendis est qui. Consequuntur vel repellat autem repellendus ea cupiditate cumque.', 3, '2019-04-23 05:44:17', '2019-04-23 05:44:17'),
(76, 80, 'Easton Bailey', 'Perspiciatis quia ducimus minus et architecto ipsa distinctio. Et ut voluptatem possimus ut error eum. Qui earum voluptatem exercitationem. Quia nemo dolorem ad nam qui explicabo sit.', 4, '2019-04-23 05:44:17', '2019-04-23 05:44:17'),
(77, 21, 'Ernestina Walsh MD', 'Aut maiores adipisci non voluptate dolores. Minus non ut quis recusandae totam nam fuga occaecati.', 0, '2019-04-23 05:44:17', '2019-04-23 05:44:17'),
(78, 52, 'Wiley Keeling', 'Ullam porro ab vel rerum voluptatem dolores. Consectetur fugit vel eius vero illo nobis possimus iure. Quaerat illo consequuntur nam sed sapiente qui. Autem perspiciatis beatae ut.', 3, '2019-04-23 05:44:17', '2019-04-23 05:44:17'),
(79, 24, 'Vergie Beier', 'Fugit delectus voluptatum alias deleniti modi perferendis. Magnam in quasi totam id et quia. Voluptatem corporis asperiores temporibus alias qui dolorem.', 4, '2019-04-23 05:44:17', '2019-04-23 05:44:17'),
(80, 8, 'Hillary Runte', 'Consequatur et rerum voluptas dolore molestiae. Et harum reprehenderit illum corrupti sed saepe. Qui dignissimos iure nam natus rerum accusamus velit. Corporis inventore sint sit blanditiis provident architecto laborum.', 2, '2019-04-23 05:44:17', '2019-04-23 05:44:17'),
(81, 64, 'Evie Hirthe', 'Perferendis fugiat tempora aut quia accusamus ipsam enim. Rerum odio qui fuga blanditiis. Et consequatur nihil numquam velit est facere.', 5, '2019-04-23 05:44:17', '2019-04-23 05:44:17'),
(82, 68, 'Miss Billie Adams', 'Ut harum non quisquam minus. Ut fuga doloremque et labore in. Ipsum omnis modi architecto eos. Voluptates cumque molestiae rem consequatur blanditiis corporis.', 4, '2019-04-23 05:44:17', '2019-04-23 05:44:17'),
(83, 5, 'Moriah Padberg', 'Minus dolore quas sit eum qui dolorem aut. Et ducimus molestiae nulla error sed dolorem ut. Qui qui quaerat pariatur natus debitis veniam velit.', 1, '2019-04-23 05:44:17', '2019-04-23 05:44:17'),
(84, 15, 'Mrs. Elenor Streich PhD', 'Consectetur ipsum est molestiae accusantium mollitia eos. Saepe tenetur molestiae saepe reprehenderit rerum beatae qui. Expedita ab occaecati qui aut vel fuga. Minima blanditiis vero repudiandae expedita nisi dolore voluptatem aut.', 4, '2019-04-23 05:44:17', '2019-04-23 05:44:17'),
(85, 27, 'Mrs. Beverly Feil', 'Saepe est expedita non nulla ut dolore. Quo mollitia omnis eum itaque sit et qui. Hic nesciunt consequatur molestiae et voluptas.', 1, '2019-04-23 05:44:17', '2019-04-23 05:44:17'),
(86, 57, 'Alexandre Osinski', 'Adipisci dolor ut a maiores ullam. Et et eius ducimus incidunt facilis.', 0, '2019-04-23 05:44:17', '2019-04-23 05:44:17'),
(87, 58, 'Brisa Franecki', 'Expedita provident et asperiores veniam eligendi. Itaque tempore non ut aspernatur doloribus rerum. Cumque necessitatibus suscipit pariatur. Est enim veritatis autem voluptates facilis sed non nam.', 0, '2019-04-23 05:44:17', '2019-04-23 05:44:17'),
(88, 100, 'Prof. Ubaldo Heaney MD', 'Dolorum deleniti ad deserunt placeat et. Sit maxime in aliquam rem qui placeat. Quod rerum est quia rem sapiente facilis magni eveniet. Magnam ut aliquam itaque molestias ut ipsa facilis hic.', 0, '2019-04-23 05:44:17', '2019-04-23 05:44:17'),
(89, 80, 'Sharon Cormier', 'Explicabo cupiditate nisi blanditiis voluptas et dolorem ut. Nobis eveniet ut tenetur quis quam reiciendis vel. Eum et voluptatibus voluptates.', 0, '2019-04-23 05:44:17', '2019-04-23 05:44:17'),
(90, 61, 'Evangeline Beier', 'Laboriosam dolorum magni eum sunt et rerum. Error voluptatibus quis deserunt molestias autem et. Natus doloremque eius recusandae sunt.', 5, '2019-04-23 05:44:17', '2019-04-23 05:44:17'),
(91, 93, 'Rene Paucek', 'Amet rem laudantium magni id beatae. Nihil quisquam consequatur debitis. Et dolorum est molestiae veniam aspernatur.', 5, '2019-04-23 05:44:17', '2019-04-23 05:44:17'),
(92, 36, 'Taurean Doyle', 'Ad perspiciatis blanditiis hic sunt est illo. Debitis eaque est et sit et culpa qui distinctio. Voluptates eligendi est odio perspiciatis saepe unde tempora voluptatum. Qui repellendus officia magni magnam est ullam. Eaque dolor ab explicabo ut sunt mollitia.', 2, '2019-04-23 05:44:17', '2019-04-23 05:44:17'),
(93, 75, 'Brielle Kirlin IV', 'Dolor provident perferendis et praesentium exercitationem. Sed ex sed voluptas architecto hic maxime. Eaque nesciunt soluta harum quis.', 1, '2019-04-23 05:44:17', '2019-04-23 05:44:17'),
(94, 45, 'Frederick Connelly', 'Voluptatum id quia sunt animi fugit. Optio hic occaecati perferendis.', 2, '2019-04-23 05:44:17', '2019-04-23 05:44:17'),
(95, 32, 'Sherwood O\'Hara', 'Beatae enim est expedita illo minus culpa. Nobis esse nobis laudantium sint ullam vitae. Corrupti voluptates sit culpa quam nemo est laudantium.', 1, '2019-04-23 05:44:17', '2019-04-23 05:44:17'),
(96, 60, 'Rhiannon Feeney', 'Voluptatum tenetur iusto fugiat. Rerum magni non mollitia ut laudantium doloremque minus. Aspernatur atque deleniti ut earum.', 5, '2019-04-23 05:44:17', '2019-04-23 05:44:17'),
(97, 54, 'Xzavier Gleichner', 'Facilis deserunt aspernatur qui qui ducimus. Consequuntur voluptatem fugit magni explicabo illo in. Quis repellendus eum nulla libero et. Laboriosam eos rerum quia perspiciatis nobis.', 2, '2019-04-23 05:44:17', '2019-04-23 05:44:17'),
(98, 19, 'Brennon Hermann', 'Cupiditate rerum eos qui omnis dolorem voluptatem. Fugiat et voluptates at illum. Quo est doloribus quisquam quis dolorum ipsum architecto illo.', 4, '2019-04-23 05:44:17', '2019-04-23 05:44:17'),
(99, 58, 'Kavon Feest V', 'Ab commodi voluptatem dignissimos ut. Voluptatem rerum et cumque. Accusamus delectus voluptatem consequuntur sed ut corporis. Quo aperiam suscipit alias dolorem. Quibusdam et et repellendus aliquam enim quia aut natus.', 5, '2019-04-23 05:44:17', '2019-04-23 05:44:17'),
(100, 48, 'Dr. Hazel Bernier', 'Nobis commodi est aut aut quis. Sunt ullam molestias velit assumenda reiciendis qui illum. Magni iusto fuga ut eum aut sit. Quibusdam rerum voluptatem reiciendis commodi magni.', 5, '2019-04-23 05:44:18', '2019-04-23 05:44:18'),
(101, 8, 'Prof. Emory Walter PhD', 'Atque dolorum dolorem fugiat occaecati provident blanditiis soluta enim. Tempore est ducimus vel quibusdam non nam minus a. Consequuntur sit voluptatem officiis voluptas maxime qui consectetur. Nulla nisi accusamus voluptatem velit ea dolorem commodi.', 5, '2019-04-23 05:44:18', '2019-04-23 05:44:18'),
(102, 68, 'Baron Schneider', 'Eos corrupti quaerat dolore quibusdam. Perferendis veritatis sequi et explicabo aut rerum placeat. Culpa et illum dolorum qui. Odio voluptas non cum enim rerum ratione quia sunt. Sed ipsa est labore sed aut in neque.', 5, '2019-04-23 05:44:18', '2019-04-23 05:44:18'),
(103, 49, 'Eladio Predovic', 'Repellat ea ut sint quae. Eaque recusandae dolorem perferendis exercitationem voluptatem aliquid fugit. Exercitationem facere sequi vel et. Molestiae harum asperiores aperiam est doloremque.', 1, '2019-04-23 05:44:18', '2019-04-23 05:44:18'),
(104, 14, 'Prof. Natalie Pouros', 'Quae ea repudiandae quis et enim quas commodi. Voluptas et natus voluptas saepe nam aut. Eaque in qui et laudantium hic.', 0, '2019-04-23 05:44:18', '2019-04-23 05:44:18'),
(105, 37, 'Cristal Reichel', 'Id error vel amet. Magni exercitationem autem architecto ut ipsam. Eveniet voluptatem aperiam voluptatem eos.', 0, '2019-04-23 05:44:18', '2019-04-23 05:44:18'),
(106, 13, 'Prof. Nathen Kunde DDS', 'Accusantium rerum id harum perferendis iste ratione qui. Fugit quam voluptate culpa tempora aut laudantium aut. Nostrum expedita esse eaque in ducimus. Tenetur et consequatur aliquam assumenda quia suscipit.', 3, '2019-04-23 05:44:18', '2019-04-23 05:44:18'),
(107, 34, 'Dr. Adrienne Kuhic', 'Sed qui itaque eius dolor illum magni suscipit dolores. Sit quasi rerum non ut. Autem voluptatem quas ea similique alias nihil.', 0, '2019-04-23 05:44:18', '2019-04-23 05:44:18'),
(108, 6, 'Buck Bashirian', 'Porro nemo quis nam iste. Ipsam eaque incidunt nam unde enim enim. A officia quam architecto dolores.', 1, '2019-04-23 05:44:18', '2019-04-23 05:44:18'),
(109, 59, 'Germaine Steuber', 'Ut enim optio facere dolorem. Impedit nobis id iusto ut accusantium aut quia.', 4, '2019-04-23 05:44:18', '2019-04-23 05:44:18'),
(110, 38, 'Octavia Wuckert III', 'Eveniet voluptatem consequatur ducimus minus. Dolorum incidunt enim sunt ut ut quia quaerat. Corporis molestias ipsam sit est sed ipsam. Quaerat temporibus unde praesentium eaque excepturi. Iure omnis doloremque et cupiditate sed corrupti.', 5, '2019-04-23 05:44:18', '2019-04-23 05:44:18'),
(111, 15, 'Alejandra Watsica V', 'Est in ratione aliquid autem iste provident perferendis. Molestias reprehenderit qui sunt est fugiat. Recusandae debitis corrupti odio.', 5, '2019-04-23 05:44:18', '2019-04-23 05:44:18'),
(112, 35, 'Miss Greta Mraz Jr.', 'Sit quia dicta tempore perspiciatis quo dolorem rerum nobis. Et mollitia commodi voluptatem perspiciatis enim nemo.', 0, '2019-04-23 05:44:18', '2019-04-23 05:44:18'),
(113, 19, 'Mrs. Orie Schroeder PhD', 'Autem cupiditate ea harum architecto mollitia autem. Laborum neque atque odio et aut corrupti illum aliquam. In doloribus autem quos eum accusamus.', 3, '2019-04-23 05:44:18', '2019-04-23 05:44:18'),
(114, 93, 'Mr. Kale Rath PhD', 'Omnis architecto sequi velit sunt rem repellat. Minus est qui veniam qui sit minus. Modi non est et ex et.', 2, '2019-04-23 05:44:18', '2019-04-23 05:44:18'),
(115, 25, 'Junior Bergstrom', 'Et corrupti sed omnis qui suscipit quibusdam. Praesentium libero eum doloribus quis magni est. Deserunt hic et sit. Dicta modi aut dolorum illo.', 4, '2019-04-23 05:44:18', '2019-04-23 05:44:18'),
(116, 41, 'Dr. Yadira Bode Jr.', 'Ut necessitatibus qui eos pariatur et. Aut corrupti rem aliquam unde et. Nam doloremque sed temporibus neque earum quas.', 5, '2019-04-23 05:44:18', '2019-04-23 05:44:18'),
(117, 44, 'Albin Trantow', 'Rerum et dolor rerum iure cupiditate. Aut accusamus ducimus sunt aspernatur vel aut et. Alias eos doloremque consequatur et deserunt sit optio.', 1, '2019-04-23 05:44:18', '2019-04-23 05:44:18'),
(118, 8, 'Prof. Natasha Gutkowski Sr.', 'Necessitatibus nostrum eligendi a doloribus odio molestiae sint. Nisi exercitationem sit dolorem fuga deleniti.', 0, '2019-04-23 05:44:18', '2019-04-23 05:44:18'),
(119, 45, 'Dane Abshire', 'Illo nisi repellat qui. Id neque placeat architecto. Amet consequuntur excepturi iusto. Cumque doloribus sed dolor.', 2, '2019-04-23 05:44:18', '2019-04-23 05:44:18'),
(120, 45, 'Jovanny Stiedemann PhD', 'Laboriosam temporibus aspernatur adipisci culpa ex eos rerum. Rem et iure ea vel enim eos. Earum corrupti magnam aut aspernatur iure sed hic. Officia nobis consequatur quos velit.', 5, '2019-04-23 05:44:18', '2019-04-23 05:44:18'),
(121, 70, 'Hiram Waelchi', 'Ut distinctio qui repudiandae voluptates et excepturi sed. Id asperiores rem ut officia vel vero quia. Nostrum illum explicabo sapiente omnis.', 3, '2019-04-23 05:44:18', '2019-04-23 05:44:18'),
(122, 2, 'Damaris Heaney', 'Neque dolorem adipisci vel quidem quas ea quo numquam. Sit eum aut unde ut. Vero quas dolores non omnis illum debitis. Architecto alias sed aut corrupti.', 0, '2019-04-23 05:44:18', '2019-04-23 05:44:18'),
(123, 4, 'Michelle Hilpert', 'Natus sed ea qui harum. Sed maiores ratione est maiores distinctio facere nisi. Iste nulla occaecati est. Omnis sint voluptatem quia molestias. Et quam iste impedit nesciunt.', 3, '2019-04-23 05:44:18', '2019-04-23 05:44:18'),
(124, 21, 'Miss Lelia Ratke', 'Voluptatum ad culpa sequi nihil dolorem. Quia qui libero qui a et inventore. Aut qui blanditiis dicta animi animi.', 3, '2019-04-23 05:44:18', '2019-04-23 05:44:18'),
(125, 45, 'Tatum Hermiston', 'Aut voluptatibus neque ab sunt omnis laborum autem. Tempore dolorem ad eum saepe iste quia. Corrupti esse qui aliquam saepe sapiente. Et perspiciatis quidem autem enim eaque consequatur.', 4, '2019-04-23 05:44:18', '2019-04-23 05:44:18'),
(126, 96, 'Dr. Emil Nienow', 'Ut dicta nemo quia harum. Recusandae nihil eveniet repudiandae quia. Sed in molestias et voluptas est.', 3, '2019-04-23 05:44:18', '2019-04-23 05:44:18'),
(127, 7, 'Dr. Trace Fritsch', 'Aut officiis sapiente fugiat. Maiores eum aut recusandae eius. Rerum in aut ut molestiae illum dolorum. Aspernatur aliquid asperiores provident.', 5, '2019-04-23 05:44:18', '2019-04-23 05:44:18'),
(128, 12, 'Tommie Von', 'Ex magnam nisi quas reprehenderit consequuntur culpa et. Quibusdam quo quaerat est doloremque. Voluptates dolorem vel suscipit id voluptatem.', 3, '2019-04-23 05:44:18', '2019-04-23 05:44:18'),
(129, 70, 'Rosemarie Dickinson DVM', 'Rem minus debitis pariatur distinctio molestiae recusandae. Dolore non dolorem eveniet dolor excepturi laboriosam. Illo optio aut tempore omnis. Eum iure nostrum eum necessitatibus. Illo velit molestiae eos sed.', 2, '2019-04-23 05:44:18', '2019-04-23 05:44:18'),
(130, 49, 'Johnathan Price MD', 'Sit aliquam quae voluptas hic nemo mollitia. Ipsum explicabo quia eveniet qui non. Fuga aut quia provident blanditiis reiciendis. Ab est sequi debitis. Amet maiores velit reprehenderit.', 4, '2019-04-23 05:44:18', '2019-04-23 05:44:18'),
(131, 99, 'Prof. Antwon McDermott Sr.', 'Et maiores unde qui officia ratione sed. Sit cupiditate vel doloremque esse reprehenderit voluptatem. Veritatis consequatur ea cumque deleniti quia distinctio. Illum eum dolorem vero illum ut vitae fuga porro.', 5, '2019-04-23 05:44:18', '2019-04-23 05:44:18'),
(132, 98, 'Prof. Davin Bahringer IV', 'Non autem rerum ea nisi velit. Inventore ipsam quo sit et. Voluptate id molestiae nostrum iusto amet dolores sunt. Recusandae quod nemo magnam vel.', 0, '2019-04-23 05:44:18', '2019-04-23 05:44:18'),
(133, 19, 'Velva Lindgren', 'Qui sit consectetur veritatis. Eos adipisci aut reiciendis omnis. Optio nihil sequi inventore maxime consectetur aliquid quia. Earum numquam placeat tempore inventore nisi at commodi.', 2, '2019-04-23 05:44:18', '2019-04-23 05:44:18'),
(134, 47, 'Jade Borer I', 'Quas consequuntur consequuntur esse et cupiditate fugiat in. Neque qui et consectetur corporis. Sed maiores blanditiis consequuntur. Qui rerum explicabo pariatur vero earum.', 3, '2019-04-23 05:44:19', '2019-04-23 05:44:19'),
(135, 84, 'Izabella Thiel', 'Deleniti non molestiae deleniti ad aut. Id optio error in quos eaque optio delectus. Qui voluptas soluta soluta totam. Reiciendis ut a nesciunt eaque veniam nesciunt.', 0, '2019-04-23 05:44:19', '2019-04-23 05:44:19'),
(136, 91, 'Prof. Arlie Barrows', 'Et et rem quia modi qui. In esse natus quia. Dicta maiores repellat tempore consequatur maiores.', 3, '2019-04-23 05:44:19', '2019-04-23 05:44:19'),
(137, 2, 'Mrs. Yolanda Sauer', 'Sint maiores incidunt recusandae. Veritatis repellat itaque expedita labore id repellat. Nihil qui libero sed quam et molestiae asperiores. Voluptatum laudantium delectus quia tempora sunt hic iste. Enim quia beatae dolorem culpa saepe quidem.', 5, '2019-04-23 05:44:19', '2019-04-23 05:44:19'),
(138, 84, 'Gayle Rempel', 'Labore quia fuga earum perferendis. Esse tempora veniam odit qui molestiae. Eos omnis hic commodi et. Ipsa nulla ut necessitatibus sapiente dolores alias atque et.', 1, '2019-04-23 05:44:19', '2019-04-23 05:44:19'),
(139, 4, 'Isobel Dibbert', 'Quia accusantium aut incidunt veniam earum beatae. Est inventore facere expedita assumenda. Sit omnis voluptas est.', 4, '2019-04-23 05:44:19', '2019-04-23 05:44:19'),
(140, 60, 'Rocio Windler', 'Error et enim aut aut eaque non. Voluptatem dolorem occaecati voluptatum quidem quod. Ab consequatur saepe nesciunt. Velit facilis rerum consequuntur.', 2, '2019-04-23 05:44:19', '2019-04-23 05:44:19'),
(141, 31, 'Burdette Roob', 'Minus laboriosam excepturi facere consequatur animi rem. Illo totam commodi harum magnam asperiores quo veritatis. Sit alias neque eveniet repudiandae libero tenetur.', 2, '2019-04-23 05:44:19', '2019-04-23 05:44:19'),
(142, 31, 'Marlene Daniel', 'Et enim repellat ipsa odio qui. Dolor consectetur eius at dignissimos ex molestiae voluptatibus. Ut esse aut qui quia asperiores placeat tempora. Architecto sit quidem doloremque ut qui.', 1, '2019-04-23 05:44:19', '2019-04-23 05:44:19'),
(143, 10, 'Evie Feeney IV', 'Enim sint dolor reprehenderit sunt. Ipsam dolore facere nam odit quas dolor. Delectus blanditiis velit mollitia ullam fuga voluptas eos. Quas quidem dolorem illo earum libero repellat.', 5, '2019-04-23 05:44:19', '2019-04-23 05:44:19'),
(144, 52, 'Erika Leffler', 'Voluptatem molestiae aliquid minus neque consequatur repellat. Eos qui autem nihil adipisci.', 0, '2019-04-23 05:44:19', '2019-04-23 05:44:19'),
(145, 70, 'Dr. Ray McLaughlin', 'Veniam pariatur sunt consectetur. Amet est voluptatibus vel nostrum sint et. Sequi doloremque et quas libero incidunt.', 5, '2019-04-23 05:44:19', '2019-04-23 05:44:19'),
(146, 45, 'Prof. Kassandra Herzog', 'Sunt nesciunt architecto occaecati ad non et et. Corporis dignissimos nostrum sunt eum porro quis. Beatae error molestias quod ea quod sapiente molestiae. Voluptatibus a et incidunt repudiandae laboriosam iure. In nam nam sunt eos dicta tempora.', 4, '2019-04-23 05:44:19', '2019-04-23 05:44:19'),
(147, 45, 'Jamarcus Stokes', 'Nulla nobis earum aut voluptas. Blanditiis et perferendis sunt molestiae.', 0, '2019-04-23 05:44:19', '2019-04-23 05:44:19'),
(148, 5, 'Anais Blanda', 'Nam expedita consequatur ut consequatur. Aut facere sint accusamus error. Enim dolore aut quibusdam debitis neque eaque.', 5, '2019-04-23 05:44:19', '2019-04-23 05:44:19'),
(149, 85, 'Issac Jerde', 'Et et at voluptatem enim omnis reiciendis. Et temporibus soluta nihil non nesciunt. Pariatur eius totam ut sint et recusandae id ipsum.', 2, '2019-04-23 05:44:19', '2019-04-23 05:44:19'),
(150, 89, 'Prof. Alfonzo Schneider', 'Natus dolorem quis exercitationem. Sed et asperiores et sed. Aut rerum impedit et sit aliquid fugit. Repellendus similique eligendi et a.', 5, '2019-04-23 05:44:19', '2019-04-23 05:44:19'),
(151, 19, 'Nayeli Bins V', 'Et quos adipisci numquam deserunt distinctio. Deleniti ex itaque delectus velit. Molestiae et alias sit in sit et. Esse beatae ipsum est.', 0, '2019-04-23 05:44:19', '2019-04-23 05:44:19'),
(152, 16, 'Victor Herzog', 'Qui maxime est nulla vero est. Quasi quisquam nobis ducimus dolores. Ipsam vero nemo sit accusantium. Voluptas aut animi dicta voluptas.', 2, '2019-04-23 05:44:19', '2019-04-23 05:44:19'),
(153, 93, 'Tracy Hintz', 'Nihil eum enim voluptatibus debitis. Blanditiis sunt minima alias sapiente. Et enim sed corporis harum alias corrupti. Id atque consequatur ut sunt.', 4, '2019-04-23 05:44:19', '2019-04-23 05:44:19'),
(154, 31, 'Vita Pollich', 'Eius corrupti similique id expedita et qui deserunt. Velit est hic dicta esse et molestias. Nisi ab voluptas aspernatur non qui dolorem velit.', 3, '2019-04-23 05:44:19', '2019-04-23 05:44:19'),
(155, 98, 'Prof. Chadd Goodwin III', 'Quaerat sit delectus fugiat ducimus. Possimus quod et odio est quis molestias nesciunt quas. Quod sed reiciendis ipsum.', 2, '2019-04-23 05:44:19', '2019-04-23 05:44:19'),
(156, 8, 'Hugh Wunsch III', 'Accusamus amet cumque voluptate provident nostrum quos. Quia enim repudiandae ut et sequi. Beatae distinctio est nobis enim. Ut enim iure qui fugit.', 4, '2019-04-23 05:44:19', '2019-04-23 05:44:19'),
(157, 83, 'Golden McCullough', 'Temporibus voluptatibus at nihil deleniti voluptatibus. Doloribus sint molestiae eos unde. Repudiandae quae a voluptates provident velit maxime magnam.', 3, '2019-04-23 05:44:19', '2019-04-23 05:44:19'),
(158, 47, 'Mrs. Mikayla Kertzmann DVM', 'Et tenetur illum vel autem assumenda. Laudantium omnis molestias voluptatum quisquam autem voluptatem illo. Sint nisi quidem ex aut quisquam dolorum omnis et.', 0, '2019-04-23 05:44:19', '2019-04-23 05:44:19'),
(159, 80, 'Dr. Janessa Goldner', 'Placeat asperiores distinctio laboriosam et illo et. Praesentium doloribus fugit in porro quo ex tempora. Aperiam inventore consequatur eum accusantium est porro distinctio.', 3, '2019-04-23 05:44:19', '2019-04-23 05:44:19'),
(160, 64, 'Ms. Angeline Raynor IV', 'Ipsum vitae molestiae tempore eum ea ratione. Placeat similique et nostrum harum aliquid. Maiores ipsa laborum est suscipit expedita tempora dolorem.', 4, '2019-04-23 05:44:19', '2019-04-23 05:44:19'),
(161, 44, 'Zachariah Schoen', 'Eveniet ullam culpa repellat voluptatem qui quis. Quis delectus laboriosam optio vitae sit iure atque. Soluta quia iusto temporibus facere iusto saepe. Aliquam repellat aliquam fugit blanditiis.', 1, '2019-04-23 05:44:19', '2019-04-23 05:44:19'),
(162, 51, 'Florian Rolfson MD', 'Dolore itaque culpa dolore. Qui similique magni magni debitis. Voluptas quaerat dolorem perspiciatis suscipit.', 1, '2019-04-23 05:44:19', '2019-04-23 05:44:19'),
(163, 18, 'Prof. Bria Spencer', 'Exercitationem quos blanditiis aut exercitationem hic. Beatae aliquam illo vitae porro quo.', 3, '2019-04-23 05:44:19', '2019-04-23 05:44:19'),
(164, 87, 'Brant Purdy', 'Nemo id temporibus fuga minima fuga exercitationem. Hic impedit vel laborum. Qui eos aut neque maiores minima quia unde.', 5, '2019-04-23 05:44:19', '2019-04-23 05:44:19'),
(165, 100, 'Dr. Carlotta Mosciski', 'Enim deleniti ad quidem cupiditate. Id quo quod qui illum excepturi officiis. Velit numquam sapiente doloremque iste dicta quae. Iusto aut consequatur illum optio. Voluptatem alias et quibusdam quo ut.', 0, '2019-04-23 05:44:19', '2019-04-23 05:44:19'),
(166, 13, 'Mr. Andrew Waters', 'Est ducimus quasi est aut maiores dolores inventore. Ut ipsum possimus eligendi et. Libero soluta vitae nisi quos doloribus nisi ducimus tempora. Totam pariatur voluptatem dolor hic voluptatibus et quo magnam.', 1, '2019-04-23 05:44:19', '2019-04-23 05:44:19'),
(167, 14, 'Mr. Randal Bednar DVM', 'Porro reprehenderit id atque quaerat sit. Quidem magnam soluta non eos excepturi non. Vel quam sunt et. Omnis voluptas amet officia tempora autem. Ea placeat nobis debitis.', 0, '2019-04-23 05:44:19', '2019-04-23 05:44:19'),
(168, 71, 'Kristy Steuber', 'Magni distinctio qui sunt eius dolorem. Laboriosam dolore enim et quos laborum quia expedita. Maxime corporis et quia nulla culpa est exercitationem ea.', 5, '2019-04-23 05:44:19', '2019-04-23 05:44:19'),
(169, 12, 'Cecilia Morar', 'Voluptates ipsa rem et quidem et natus et. Ut rerum quia voluptatum ut architecto temporibus. Ipsa non inventore voluptas eaque magni quia. Quis in occaecati architecto et nobis veniam.', 0, '2019-04-23 05:44:19', '2019-04-23 05:44:19'),
(170, 83, 'Heber Kuphal', 'Natus nesciunt omnis sit similique voluptatem minus. Assumenda natus aperiam assumenda ipsa quo placeat reprehenderit sit. Voluptates corrupti provident aut perferendis asperiores culpa cum.', 2, '2019-04-23 05:44:20', '2019-04-23 05:44:20'),
(171, 95, 'Prof. Carolyne Schimmel', 'Blanditiis harum voluptates quis et nam. Est labore aliquam dolores aliquid voluptatibus rem. Alias non libero corporis. In unde modi qui distinctio quia voluptas molestiae.', 1, '2019-04-23 05:44:20', '2019-04-23 05:44:20'),
(172, 33, 'Prof. Dante Hartmann', 'Eum dolor nobis quod quo recusandae veritatis saepe ut. Vel unde non ducimus illum aliquam. Veniam enim deleniti ullam alias sed dolorum. Quasi et aliquam officia voluptates magnam et quod minima.', 5, '2019-04-23 05:44:20', '2019-04-23 05:44:20'),
(173, 37, 'Verla Breitenberg', 'Sunt commodi temporibus tenetur libero ea sequi est. Praesentium aliquid amet nulla. Doloremque aperiam odio cum ipsum consectetur numquam nobis earum.', 2, '2019-04-23 05:44:20', '2019-04-23 05:44:20'),
(174, 78, 'Malika Jakubowski', 'Atque laudantium exercitationem cum tempora voluptas perferendis omnis. Laboriosam dolor est amet est itaque explicabo. Quo dicta dignissimos autem non impedit cumque aut. Quasi quae et nam quidem.', 4, '2019-04-23 05:44:20', '2019-04-23 05:44:20'),
(175, 82, 'Ena Emard', 'Et sit iure quis ipsa expedita et tempore. Cum voluptatibus animi libero necessitatibus. Odio et et cumque autem.', 2, '2019-04-23 05:44:20', '2019-04-23 05:44:20'),
(176, 84, 'Mr. Keegan Herman Sr.', 'Repellat quas quam nemo qui rem voluptate. Sed veritatis nihil et dolorum dolorem. Vel voluptatem at sed recusandae ut et quis. Maxime ut deserunt nulla rerum quia ipsa. Ut odio ad minima et accusantium.', 3, '2019-04-23 05:44:20', '2019-04-23 05:44:20'),
(177, 70, 'Noel Beahan V', 'Qui quia dolores temporibus ex in omnis. Doloremque aliquam rerum hic sint modi nobis saepe.', 2, '2019-04-23 05:44:20', '2019-04-23 05:44:20'),
(178, 75, 'Edwardo Hagenes', 'Maiores deleniti saepe corporis beatae in provident. Enim labore voluptas error earum. Dolores dolorum ut distinctio quam. Minus quibusdam sapiente occaecati neque reprehenderit. Repudiandae maiores recusandae maxime ea.', 5, '2019-04-23 05:44:20', '2019-04-23 05:44:20'),
(179, 17, 'Tessie Brekke', 'Labore non dolorum quod reiciendis. Ipsum aut culpa architecto debitis quisquam quisquam magni. Et ut doloremque labore vel et ipsam suscipit.', 2, '2019-04-23 05:44:20', '2019-04-23 05:44:20'),
(180, 94, 'Jenifer Gerhold', 'Et autem mollitia sit enim provident quis. Doloremque voluptatum non vel saepe sint quis error. Necessitatibus consequatur et quod. Cupiditate et omnis vero quidem voluptatem explicabo rerum ab.', 5, '2019-04-23 05:44:20', '2019-04-23 05:44:20'),
(181, 53, 'Dr. Loyal Borer II', 'Provident non blanditiis aut. Similique voluptas non consequatur qui placeat. Dolorem et quia facere placeat.', 5, '2019-04-23 05:44:20', '2019-04-23 05:44:20'),
(182, 1, 'Berniece Kautzer', 'Quidem delectus maxime atque sed. Omnis voluptas ea et quae. Ut impedit facilis debitis aut ipsam et laborum. Est quae nisi molestiae sit cum aut eum.', 1, '2019-04-23 05:44:20', '2019-04-23 05:44:20'),
(183, 4, 'Elenor Wolff', 'Itaque voluptatem quisquam temporibus qui id. Et eos enim quis voluptates amet odit mollitia. Error sunt fuga perspiciatis quos inventore asperiores. Delectus rem necessitatibus aperiam illo totam.', 4, '2019-04-23 05:44:20', '2019-04-23 05:44:20'),
(184, 36, 'Kamille Hermann', 'At reprehenderit odit sed nemo omnis impedit quia. Odit aspernatur laudantium maiores sapiente molestiae. Accusantium dignissimos ut alias dolor voluptas dolor rerum.', 0, '2019-04-23 05:44:20', '2019-04-23 05:44:20'),
(185, 29, 'Mittie Bashirian Jr.', 'Repellat facilis amet nam nam sunt eius ut aspernatur. Omnis aut nobis omnis asperiores est fugiat. Veniam enim dolores porro et. Dicta harum non suscipit neque est illo.', 5, '2019-04-23 05:44:20', '2019-04-23 05:44:20'),
(186, 65, 'Jamison West DVM', 'Qui cupiditate placeat rerum quo quis. Sint odit nobis non deleniti iste architecto. Animi nostrum minima eligendi asperiores. Similique natus error eius enim sit aut.', 1, '2019-04-23 05:44:20', '2019-04-23 05:44:20'),
(187, 48, 'Sienna Boehm', 'Voluptate ad recusandae fugit sequi est. Similique ea eaque tempore rerum. Sint unde inventore non distinctio est consequatur ad. Modi et est aspernatur.', 2, '2019-04-23 05:44:20', '2019-04-23 05:44:20'),
(188, 35, 'Dina Prohaska PhD', 'Incidunt tenetur dolores iusto ad ullam praesentium quo. Quo hic aut nesciunt veniam velit atque. Corporis dolorum atque exercitationem ab.', 2, '2019-04-23 05:44:20', '2019-04-23 05:44:20'),
(189, 81, 'Kaycee Hegmann', 'Perspiciatis ut eos error ipsam optio incidunt. Debitis eligendi esse ipsum eligendi perspiciatis tempora blanditiis. Officiis autem nemo consequatur et veniam corrupti maiores. Vitae nihil quam ipsam at sequi consequatur expedita.', 0, '2019-04-23 05:44:20', '2019-04-23 05:44:20'),
(190, 94, 'Dr. Dorcas Collier III', 'Neque explicabo et aliquam ut ut. Asperiores cum minus ipsa. Reiciendis harum qui architecto esse. Nulla maiores est in ea ut inventore eveniet.', 3, '2019-04-23 05:44:20', '2019-04-23 05:44:20'),
(191, 34, 'August Hilpert DVM', 'Soluta sit perferendis qui fuga. Eligendi aut officia id quod. Et qui corrupti sit amet pariatur et natus.', 5, '2019-04-23 05:44:20', '2019-04-23 05:44:20'),
(192, 68, 'Jeremy Larkin Sr.', 'Omnis voluptatem hic dicta commodi. Sed assumenda veniam eius. Dolorem voluptatem quasi ex animi deleniti. Quod aut molestias et rem doloribus dicta.', 3, '2019-04-23 05:44:20', '2019-04-23 05:44:20'),
(193, 36, 'Geraldine Steuber', 'Voluptatem placeat culpa modi minima. Et blanditiis ut id ratione. Veniam voluptatem neque aspernatur excepturi. Consectetur eaque deserunt ad repellendus.', 1, '2019-04-23 05:44:20', '2019-04-23 05:44:20'),
(194, 47, 'Elise Lynch', 'Recusandae dolorum qui sed accusantium nobis animi dolores. Consequatur quae nemo et delectus occaecati qui. Omnis velit rerum labore eveniet cum atque illo soluta. Mollitia earum nihil quisquam minima eos.', 3, '2019-04-23 05:44:20', '2019-04-23 05:44:20'),
(195, 48, 'Jedidiah Graham', 'Ut vel dolore laudantium odit quasi. Expedita quis dolore ut voluptatem blanditiis aperiam. Non quo ex inventore eius tempora.', 0, '2019-04-23 05:44:20', '2019-04-23 05:44:20'),
(196, 69, 'Chad Schowalter', 'Eum et sapiente fugiat est. Earum explicabo odit porro ut velit id. Sit sit ex quo ut ipsa nemo. Accusantium quas sed rerum itaque porro voluptatibus iste.', 3, '2019-04-23 05:44:20', '2019-04-23 05:44:20'),
(197, 18, 'Sophie Satterfield', 'Quo earum reprehenderit aut vero molestiae. Minus quaerat aliquam nihil qui dolorem inventore sit. Rerum dolorem voluptas voluptatem ab deserunt. Debitis ratione distinctio quidem eos. Molestias harum eaque est sunt sed beatae voluptas.', 5, '2019-04-23 05:44:20', '2019-04-23 05:44:20'),
(198, 32, 'Malika Daugherty', 'Vero sed hic autem sunt vero hic amet ut. Dolores illo enim sequi libero in autem sit. Excepturi quod eius aut vel tenetur hic et. Voluptates sunt porro nobis amet itaque.', 1, '2019-04-23 05:44:20', '2019-04-23 05:44:20'),
(199, 56, 'Dr. Germaine Purdy', 'Ex aperiam consequatur velit. Aut ullam rerum occaecati voluptatum non. Voluptatum hic aut eum alias. Accusamus asperiores eos animi necessitatibus earum illo et.', 5, '2019-04-23 05:44:20', '2019-04-23 05:44:20'),
(200, 32, 'Prof. Broderick Kozey', 'Sed reprehenderit consectetur quia sapiente quae in. Est molestias et perferendis reprehenderit eaque. Possimus modi voluptatibus ex consequatur aperiam minima dolor. Iure labore odit magni ex corporis rerum in voluptas. Quia qui et occaecati eaque.', 0, '2019-04-23 05:44:20', '2019-04-23 05:44:20'),
(201, 40, 'Rozella Carroll', 'Exercitationem et rerum nisi ut esse. Blanditiis magni amet repudiandae suscipit. Quia dolores consequatur non voluptatum est.', 4, '2019-04-23 05:44:20', '2019-04-23 05:44:20'),
(202, 39, 'Derick Jenkins I', 'Fugiat vitae iusto ut et. Aperiam quaerat mollitia eius laudantium. Fugit eveniet at voluptatem non vel molestiae. Quia omnis possimus nulla.', 1, '2019-04-23 05:44:20', '2019-04-23 05:44:20'),
(203, 10, 'Prof. Keyon Marvin Jr.', 'Dolor sunt molestias ipsa eaque. Cumque quasi maiores nostrum et non quia. Ipsum tenetur omnis officia quasi.', 4, '2019-04-23 05:44:20', '2019-04-23 05:44:20'),
(204, 65, 'Elfrieda Bartoletti', 'Cupiditate hic velit ut nostrum. Quia enim doloribus est consequatur. Quaerat soluta ab eos excepturi nihil deleniti odit omnis.', 2, '2019-04-23 05:44:20', '2019-04-23 05:44:20'),
(205, 78, 'Fermin Hansen', 'Est sunt laborum et saepe consequuntur qui sint. Dolores repudiandae voluptatem rerum perferendis id minima. Asperiores fuga ut et sed quaerat ut sapiente quo. Exercitationem molestiae facilis optio quis id.', 0, '2019-04-23 05:44:20', '2019-04-23 05:44:20'),
(206, 88, 'Alessandra Koepp DVM', 'Voluptatum sunt ut asperiores pariatur dolorem. Harum corporis a est omnis deserunt qui. Est molestias facere expedita assumenda magnam quod veritatis.', 5, '2019-04-23 05:44:20', '2019-04-23 05:44:20'),
(207, 40, 'Berta Kautzer', 'Expedita sequi nam expedita perspiciatis. Quos nihil et et quas nam. Labore ad at natus. Enim corrupti facere nobis quibusdam est totam nulla.', 0, '2019-04-23 05:44:20', '2019-04-23 05:44:20'),
(208, 83, 'Prof. Jaren Boyle', 'Quis nisi quidem facere et. Alias laboriosam voluptas nisi dolorem. Ab et rem cumque fugit temporibus vero dolores eos. Architecto neque culpa ipsum quia nesciunt repellat aut.', 3, '2019-04-23 05:44:21', '2019-04-23 05:44:21');
INSERT INTO `reviews` (`id`, `product_id`, `customer`, `review`, `star`, `created_at`, `updated_at`) VALUES
(209, 80, 'Austin Connelly', 'Et sed omnis iste fugiat recusandae aliquid. Accusantium rerum animi maxime ut voluptatem et laborum. Ipsam repudiandae qui in et et nulla. Debitis minima voluptas voluptatem magni veniam voluptas corporis. Quia voluptatem et in cum hic qui asperiores.', 0, '2019-04-23 05:44:21', '2019-04-23 05:44:21'),
(210, 26, 'Katelin Nitzsche', 'Optio qui debitis voluptas. Sed id laborum architecto ipsa. Aut ex at error est et non. Nihil est temporibus ipsa et illum autem.', 2, '2019-04-23 05:44:21', '2019-04-23 05:44:21'),
(211, 23, 'Mrs. Karen Wehner DDS', 'Quo labore non ducimus quis voluptatem dignissimos magnam. Soluta recusandae debitis fuga error officia illo. Officia assumenda sequi accusamus voluptatem.', 2, '2019-04-23 05:44:21', '2019-04-23 05:44:21'),
(212, 16, 'Dr. Hermann Olson DVM', 'Quia perspiciatis excepturi aut dolor qui ut et. At omnis delectus illo quidem similique commodi. Voluptates explicabo distinctio sequi occaecati beatae possimus et. Quo nihil odit et debitis omnis in maxime.', 2, '2019-04-23 05:44:21', '2019-04-23 05:44:21'),
(213, 35, 'Mark Dooley', 'Explicabo voluptatem mollitia et a qui. Esse laborum nemo adipisci quia ea. Aperiam ipsam corrupti blanditiis quam rem.', 3, '2019-04-23 05:44:21', '2019-04-23 05:44:21'),
(214, 5, 'Dr. Sage Haag', 'Quasi occaecati qui nulla eos. Necessitatibus laudantium culpa culpa. Id sed consequatur facilis architecto quibusdam odio perspiciatis. Sunt impedit fugit mollitia a et.', 2, '2019-04-23 05:44:21', '2019-04-23 05:44:21'),
(215, 89, 'Arturo Senger Sr.', 'Aut sed voluptatem dolorem tenetur id. Laboriosam sit dolore enim id itaque ut blanditiis. Fugit ratione perferendis minus et. Quos et omnis cumque omnis deserunt.', 2, '2019-04-23 05:44:21', '2019-04-23 05:44:21'),
(216, 43, 'Chester Pouros', 'Omnis sint qui laborum aut nulla dolorem. Tempore minus aperiam consequatur eius consequuntur. Qui est accusantium ut. Consequatur quae qui vero dolorum error. Quod cum corrupti nam sed.', 5, '2019-04-23 05:44:21', '2019-04-23 05:44:21'),
(217, 39, 'Rosalinda Yost', 'Laborum veritatis excepturi nisi placeat. Laudantium saepe quidem dignissimos aut et ducimus illum. Dolorum quo adipisci error ipsam et sed nemo.', 4, '2019-04-23 05:44:21', '2019-04-23 05:44:21'),
(218, 85, 'Caesar Dooley', 'Eum minus repellat repellat unde error necessitatibus. Nam voluptatem ducimus harum fugit enim nihil. Ea fuga corporis velit nostrum et quia.', 2, '2019-04-23 05:44:21', '2019-04-23 05:44:21'),
(219, 95, 'Dr. Anderson Dietrich PhD', 'Quaerat ut ab aspernatur minima possimus. Vel voluptatem fuga totam nam culpa corrupti. Sint assumenda a quas ipsum. Aspernatur esse est commodi expedita.', 0, '2019-04-23 05:44:21', '2019-04-23 05:44:21'),
(220, 38, 'Mrs. Anabel Reichert', 'Maxime eum aperiam quo vitae qui alias laboriosam. Nesciunt laborum culpa et delectus debitis incidunt earum esse.', 5, '2019-04-23 05:44:21', '2019-04-23 05:44:21'),
(221, 34, 'Birdie Stroman', 'Saepe consequuntur distinctio omnis. Eos ut explicabo voluptate inventore voluptas deleniti omnis. Modi rerum perferendis id possimus deserunt et.', 2, '2019-04-23 05:44:21', '2019-04-23 05:44:21'),
(222, 91, 'Miss Maximillia Goldner I', 'Corrupti quia quis quia alias et dolores quod incidunt. Consequatur ullam eum quis dolore velit ut. Consequatur maxime est tempora delectus.', 1, '2019-04-23 05:44:21', '2019-04-23 05:44:21'),
(223, 22, 'Annetta Bins Sr.', 'Molestias assumenda consequatur aliquid quo tempora labore. Vero aliquid adipisci est non dolor. Recusandae quae velit deserunt. Est ut sint necessitatibus aut iusto minima autem.', 4, '2019-04-23 05:44:21', '2019-04-23 05:44:21'),
(224, 46, 'Dr. Ima O\'Reilly', 'Quis rerum quisquam aut minima voluptas. Quidem et blanditiis et enim iste rerum. Est maiores fugit consequatur voluptatem dolores eum. Harum vel officia doloremque.', 4, '2019-04-23 05:44:21', '2019-04-23 05:44:21'),
(225, 23, 'Jamal Fisher', 'Molestiae aperiam consequatur explicabo libero et voluptas impedit. Expedita sed veniam quam sit quidem optio. Similique aut et nostrum magni odit nesciunt. Fuga ducimus facere hic temporibus asperiores.', 0, '2019-04-23 05:44:21', '2019-04-23 05:44:21'),
(226, 77, 'Dr. Charlie Swaniawski', 'Porro officia molestiae cumque modi voluptas tempora quis. Velit accusantium consectetur est error quibusdam. Ea et aut sunt animi.', 5, '2019-04-23 05:44:21', '2019-04-23 05:44:21'),
(227, 52, 'Dr. Daniella Stiedemann', 'Eum placeat voluptate sint quaerat animi unde. Natus ad libero molestiae maiores facere perspiciatis. Quibusdam illo officiis animi magni. Aut excepturi iure sapiente sunt. Eum deserunt pariatur et rerum et.', 5, '2019-04-23 05:44:21', '2019-04-23 05:44:21'),
(228, 73, 'Prof. Hilton Balistreri III', 'Veritatis molestiae voluptatem dolor id repudiandae quae. Maiores harum illum vero magnam. Quos aut quia et officiis enim assumenda ut. Consequatur voluptas nulla et repudiandae voluptatem.', 1, '2019-04-23 05:44:21', '2019-04-23 05:44:21'),
(229, 75, 'Ms. Marta Beahan', 'Sint molestiae dolor voluptas et. Ut at unde ipsa quae ad eveniet. Minima voluptatem animi et suscipit voluptates ea. Vel itaque dignissimos similique fugiat error eum non.', 5, '2019-04-23 05:44:21', '2019-04-23 05:44:21'),
(230, 83, 'Madeline Ebert II', 'Voluptatem neque at et nostrum assumenda blanditiis nam. Sunt deleniti alias iure ducimus. Laboriosam mollitia ut voluptatem sit rerum velit. Aut molestiae et iste nesciunt eum distinctio aspernatur et.', 5, '2019-04-23 05:44:21', '2019-04-23 05:44:21'),
(231, 45, 'Euna Paucek', 'Illo quis corrupti ut qui. Exercitationem eos eum veritatis voluptates molestias. Quasi non officia doloremque nobis.', 4, '2019-04-23 05:44:21', '2019-04-23 05:44:21'),
(232, 62, 'Mrs. Lily Predovic MD', 'Enim nemo accusantium id cum excepturi molestiae possimus. Perferendis voluptatem enim numquam consequuntur rerum facere incidunt ratione. Quo quia provident illum quia qui harum eum. Necessitatibus pariatur repellat facere aut aut.', 0, '2019-04-23 05:44:21', '2019-04-23 05:44:21'),
(233, 36, 'Mrs. Aiyana Ernser III', 'Consequatur tenetur ut eum cumque qui et itaque. Voluptate ex possimus deserunt quaerat. At veniam enim tempora fuga est fuga. Ut voluptatibus non molestias maiores quis quas.', 0, '2019-04-23 05:44:21', '2019-04-23 05:44:21'),
(234, 60, 'Antwan Stroman', 'Omnis id ex optio aliquam beatae omnis. Architecto corporis ducimus soluta ad. Mollitia provident nihil voluptatibus tempora aperiam.', 4, '2019-04-23 05:44:21', '2019-04-23 05:44:21'),
(235, 53, 'Ms. Aurore Sauer', 'Magni rerum corporis voluptas accusamus accusantium accusantium. Facere ducimus facere quia voluptatem.', 5, '2019-04-23 05:44:21', '2019-04-23 05:44:21'),
(236, 76, 'Norval Schneider', 'Repudiandae sit unde sit vel maxime. Odio aperiam consequuntur eaque nisi consequatur laudantium numquam beatae. Esse rerum suscipit excepturi nulla fugiat.', 0, '2019-04-23 05:44:21', '2019-04-23 05:44:21'),
(237, 57, 'Dr. Dominic Schinner Sr.', 'Blanditiis quia a ut quidem consequuntur perspiciatis repudiandae. Voluptatem atque id veritatis. Error eum beatae aliquid optio ipsam consequatur. Voluptas veniam omnis quam beatae minima.', 4, '2019-04-23 05:44:21', '2019-04-23 05:44:21'),
(238, 35, 'Dimitri Hickle DDS', 'Maxime rerum quo beatae perferendis modi. Velit et facere tempore odio. Molestiae aspernatur adipisci unde nihil. In tenetur esse labore.', 5, '2019-04-23 05:44:21', '2019-04-23 05:44:21'),
(239, 15, 'Mr. Zackary Kozey MD', 'Est voluptatum est voluptatem maiores sunt. Sequi voluptatem voluptates et. Consectetur numquam laudantium a sit ratione explicabo aut animi.', 3, '2019-04-23 05:44:21', '2019-04-23 05:44:21'),
(240, 93, 'Megane Turner', 'Temporibus et similique magni. Odio qui et voluptatem culpa voluptatibus id qui. Voluptas hic molestiae qui est optio ullam.', 5, '2019-04-23 05:44:21', '2019-04-23 05:44:21'),
(241, 85, 'Prof. Ferne Lynch', 'Quia fuga quaerat corporis iusto eligendi. Omnis soluta ipsa adipisci aut pariatur reiciendis ducimus aspernatur. Recusandae et fugit expedita ipsa.', 5, '2019-04-23 05:44:21', '2019-04-23 05:44:21'),
(242, 73, 'Olen Boehm', 'Labore sint voluptate natus. Incidunt incidunt voluptatibus similique voluptate est autem. Sed officia cumque iusto omnis hic.', 0, '2019-04-23 05:44:21', '2019-04-23 05:44:21'),
(243, 52, 'Berta Bogan', 'Voluptatem architecto est est dolor. Blanditiis qui qui est corporis ut voluptatem. Voluptatem voluptatem ut eos aut inventore incidunt nesciunt. Doloremque eligendi quam eaque aut distinctio dolorem quibusdam.', 2, '2019-04-23 05:44:22', '2019-04-23 05:44:22'),
(244, 96, 'Edd Franecki', 'Sint incidunt vel rem numquam suscipit. Natus dolor et aut consectetur vero quasi modi.', 1, '2019-04-23 05:44:22', '2019-04-23 05:44:22'),
(245, 77, 'Oleta Lind', 'Harum adipisci est voluptatem eveniet nobis facilis. Impedit officiis nobis debitis et laboriosam vel. Alias mollitia sint odit rerum molestias eveniet et. Ad labore deleniti laboriosam natus accusantium dolorem.', 3, '2019-04-23 05:44:22', '2019-04-23 05:44:22'),
(246, 33, 'Lyla McLaughlin V', 'Commodi id molestiae dolores ea. Vel iste numquam ab. Error eveniet qui dolorem et.', 1, '2019-04-23 05:44:22', '2019-04-23 05:44:22'),
(247, 26, 'Deja Lemke', 'Ea itaque enim repellat vel nihil sint odit qui. Maxime dolorem officiis consequuntur quos qui blanditiis amet.', 1, '2019-04-23 05:44:22', '2019-04-23 05:44:22'),
(248, 57, 'Audreanne Lemke', 'Sint ut ipsum omnis accusantium sint. Deleniti consequatur nobis dolorum voluptatem sit. Ipsum voluptatibus et consectetur fuga ut.', 4, '2019-04-23 05:44:22', '2019-04-23 05:44:22'),
(249, 75, 'Prof. Alden Bernier IV', 'Eligendi perferendis iste tenetur eius. Cum modi quos inventore animi distinctio sint iure voluptatem. Consequatur unde est omnis alias cumque. Dolorem ipsam et ipsa ipsa culpa voluptatibus.', 5, '2019-04-23 05:44:22', '2019-04-23 05:44:22'),
(250, 24, 'Esteban Sporer', 'Mollitia dolorum maxime atque placeat. Earum ducimus consequatur cum fuga ut. Rerum sunt commodi aspernatur facere molestiae. Dolores quidem modi quas atque quam aut.', 4, '2019-04-23 05:44:22', '2019-04-23 05:44:22'),
(251, 93, 'Kristin Gibson', 'Dolores illum ipsa sint culpa dolor. Iste et architecto aut laudantium. Sint velit cupiditate porro officiis tenetur deserunt et cum. Nemo quae et deleniti minus omnis.', 5, '2019-04-23 05:44:22', '2019-04-23 05:44:22'),
(252, 3, 'Julien Parker', 'Qui modi aspernatur porro eaque id molestiae. Velit voluptas aspernatur et modi. Est sequi nesciunt quos voluptas.', 5, '2019-04-23 05:44:22', '2019-04-23 05:44:22'),
(253, 24, 'Arnoldo Wehner', 'Id enim et consequuntur. Eum quis et voluptatem iure consequatur fuga aut. Nihil officia quis quos est quia qui.', 0, '2019-04-23 05:44:22', '2019-04-23 05:44:22'),
(254, 71, 'Isabell Smitham', 'Sit qui rerum sit. Optio asperiores a perferendis est. Ab laudantium quam natus a optio consequuntur. Aperiam sequi velit sint qui.', 3, '2019-04-23 05:44:22', '2019-04-23 05:44:22'),
(255, 90, 'Aylin Langosh PhD', 'Est maxime libero et dolore fugit. Accusamus laudantium doloribus pariatur voluptates laboriosam quas corporis. Enim a laboriosam pariatur amet possimus.', 4, '2019-04-23 05:44:22', '2019-04-23 05:44:22'),
(256, 55, 'Christy O\'Kon', 'Error consequatur ut laudantium recusandae. Placeat debitis nemo libero enim voluptates. Cum esse vel modi fugit ut ut et. Praesentium earum labore maiores itaque aspernatur hic.', 5, '2019-04-23 05:44:22', '2019-04-23 05:44:22'),
(257, 92, 'Dawn Hartmann', 'Ab pariatur sunt voluptatem nihil. Asperiores architecto architecto corrupti quasi cum quae possimus ex. Quo non temporibus velit praesentium natus. Necessitatibus perferendis ea sint voluptatum magnam at totam.', 3, '2019-04-23 05:44:22', '2019-04-23 05:44:22'),
(258, 70, 'Dr. Nash Dickens', 'Est cupiditate enim vitae quam et quo sequi sunt. Inventore officia qui ut possimus.', 5, '2019-04-23 05:44:22', '2019-04-23 05:44:22'),
(259, 36, 'Helmer Ortiz', 'Magnam pariatur aspernatur dolor dolores quasi. Vel blanditiis fugit ea corporis nesciunt saepe. Velit nihil sed tenetur pariatur dolorem cum voluptatum.', 4, '2019-04-23 05:44:22', '2019-04-23 05:44:22'),
(260, 62, 'Dr. Murl Kautzer', 'Saepe velit doloribus error perspiciatis. Magnam autem in illo et voluptas. Fugit et sit dignissimos molestiae.', 2, '2019-04-23 05:44:22', '2019-04-23 05:44:22'),
(261, 9, 'Dr. Chyna Raynor', 'Voluptatem recusandae veniam dolorum cupiditate. Voluptatem sequi excepturi distinctio porro. Fugit tenetur quod fuga repellat quos eaque. Dolor et quasi deserunt numquam aut sint a nesciunt.', 0, '2019-04-23 05:44:22', '2019-04-23 05:44:22'),
(262, 61, 'Demetrius Langosh', 'Sit quasi mollitia doloremque quia aut. Corrupti est possimus quaerat repellendus dolores. Est nam velit corrupti est pariatur sint velit. Repellendus id laudantium nobis qui consequuntur esse.', 3, '2019-04-23 05:44:22', '2019-04-23 05:44:22'),
(263, 31, 'Zelda Tillman', 'Beatae ducimus occaecati ad et explicabo est. Dolorem sed deleniti nisi aperiam vitae. Rerum quisquam ut vel quam.', 2, '2019-04-23 05:44:22', '2019-04-23 05:44:22'),
(264, 4, 'Devon Ryan', 'Est velit consectetur quam culpa. Nulla ullam laboriosam dicta sit ad aspernatur. Ut nam ipsam harum eum sint earum saepe non.', 2, '2019-04-23 05:44:22', '2019-04-23 05:44:22'),
(265, 2, 'Lesly Lesch', 'Iste harum officiis error sit. Qui et id quod. Omnis voluptatem fugit unde qui sunt. Et eligendi eum minima architecto sed voluptatem.', 5, '2019-04-23 05:44:22', '2019-04-23 05:44:22'),
(266, 100, 'Cheyanne Reynolds I', 'Minima minus ut et ullam quidem. Et exercitationem autem facere voluptate. Corrupti explicabo eos quia quis. Porro officia aut et dicta impedit molestiae qui.', 3, '2019-04-23 05:44:22', '2019-04-23 05:44:22'),
(267, 56, 'Valerie Mills', 'Asperiores eum totam incidunt dolor odio. Et perspiciatis sit quos ut. Suscipit explicabo porro et nulla assumenda odio. Alias eveniet a tenetur voluptatem.', 3, '2019-04-23 05:44:22', '2019-04-23 05:44:22'),
(268, 88, 'Jewel Wisoky', 'Architecto hic iste labore magnam. Optio non consectetur tempore ratione qui qui voluptatem. Est sit eaque nostrum libero adipisci sequi. Quod accusantium recusandae sequi reiciendis quia minima quia exercitationem.', 5, '2019-04-23 05:44:22', '2019-04-23 05:44:22'),
(269, 43, 'Thad Tremblay', 'Velit vitae recusandae recusandae. Similique qui quos ipsum modi consequuntur fuga nihil incidunt. Molestiae ad dolor et cumque rerum omnis non.', 2, '2019-04-23 05:44:22', '2019-04-23 05:44:22'),
(270, 11, 'Oran Considine', 'Voluptas ullam sit praesentium ipsam ipsa. Vero sed ut autem tempora debitis nemo est soluta. Deleniti non neque perspiciatis cupiditate consequatur. Beatae qui optio ex sit tempore nihil. Et maxime in expedita et maxime cum.', 2, '2019-04-23 05:44:22', '2019-04-23 05:44:22'),
(271, 81, 'Brown Connelly', 'Sit itaque deserunt assumenda hic. Non id omnis delectus ducimus mollitia. Quae quis nemo et sunt id dignissimos aut.', 3, '2019-04-23 05:44:22', '2019-04-23 05:44:22'),
(272, 7, 'Prof. Raul Herzog', 'Cumque similique voluptatibus facere velit quaerat cumque voluptatem. Voluptatem facilis atque pariatur repellat voluptatem aut. Repellat quo totam vel quos vel. Necessitatibus atque id rerum voluptatem vel delectus.', 0, '2019-04-23 05:44:22', '2019-04-23 05:44:22'),
(273, 23, 'Mr. Jeremie Dare V', 'Ullam temporibus debitis molestias ea eum aperiam repellendus voluptas. Voluptatem voluptas eaque quia in occaecati facilis. In quaerat eius cupiditate. Doloremque tempore error quasi aut.', 4, '2019-04-23 05:44:22', '2019-04-23 05:44:22'),
(274, 100, 'Avis Dietrich MD', 'Ut occaecati et deserunt repudiandae nam nam. Qui ratione occaecati architecto incidunt dolores. Repellendus dolorum eveniet deleniti deserunt.', 3, '2019-04-23 05:44:22', '2019-04-23 05:44:22'),
(275, 3, 'Vladimir Bashirian MD', 'Quo consequatur autem distinctio et. Tempora adipisci consectetur fugit odio. Et omnis voluptatem corporis ipsam quo rerum. Mollitia dolores quidem incidunt sint possimus.', 4, '2019-04-23 05:44:22', '2019-04-23 05:44:22'),
(276, 70, 'Erling Mayert', 'Iste optio totam minus excepturi dignissimos enim odit. Laboriosam odio alias non esse minus eum ullam. Consequatur nobis est ut nam officiis quod voluptas dolores. Quam officia maiores laboriosam.', 2, '2019-04-23 05:44:22', '2019-04-23 05:44:22'),
(277, 97, 'Prof. Willie Tremblay', 'Soluta qui animi voluptatibus consectetur impedit. Quia odit eos vero pariatur. Quia est enim assumenda consectetur et et cumque.', 0, '2019-04-23 05:44:22', '2019-04-23 05:44:22'),
(278, 80, 'Ms. Dulce Adams', 'Occaecati aliquam aspernatur corrupti aliquid quia. Nam ex consequatur temporibus dolores quo. At quisquam et aperiam ea eligendi molestiae ab delectus.', 5, '2019-04-23 05:44:22', '2019-04-23 05:44:22'),
(279, 39, 'Flo Wiegand', 'Quis sed cumque quibusdam adipisci aspernatur minima. Sed nobis et et. Placeat quaerat non qui ut. Eum ut harum voluptas dolores doloremque dolores eius et.', 5, '2019-04-23 05:44:22', '2019-04-23 05:44:22'),
(280, 39, 'Erna Lakin', 'Est recusandae nihil sit nihil quam minima vel. Amet eius cupiditate laborum iusto. Iste dicta quia distinctio recusandae sed. Doloribus rerum facilis ullam facilis consequatur sit quis distinctio. Earum voluptas omnis qui tempora sequi nam corrupti.', 0, '2019-04-23 05:44:22', '2019-04-23 05:44:22'),
(281, 39, 'Prof. Keven Jakubowski', 'In et sit esse a quos atque ea. Ipsam officiis aut nisi maxime maxime quo. Nostrum nesciunt corporis repudiandae molestiae quod molestiae.', 4, '2019-04-23 05:44:22', '2019-04-23 05:44:22'),
(282, 99, 'Lorna Cruickshank', 'Rerum ea vel quas quia voluptatem. Qui eum fugiat delectus non voluptatem totam corrupti. Odio voluptas modi dolorum vitae.', 3, '2019-04-23 05:44:22', '2019-04-23 05:44:22'),
(283, 77, 'Abbey Collins I', 'Exercitationem consectetur enim consequatur eum non ut iusto. Et ipsa et aliquam et. Ut dolor est vel vitae. Sunt praesentium ab molestiae placeat ea. Vitae aperiam ipsum et et minima minima.', 5, '2019-04-23 05:44:22', '2019-04-23 05:44:22'),
(284, 91, 'Keaton Stokes', 'Facere corporis porro eos dolores dolor quas corrupti. Cupiditate id rerum eum dolorem eius sunt sapiente modi. Fugiat ex voluptatum autem voluptatem nam.', 0, '2019-04-23 05:44:23', '2019-04-23 05:44:23'),
(285, 26, 'Garry Nienow', 'Tempore laborum assumenda natus aspernatur eum. Animi quisquam porro enim quidem. Similique error enim voluptatem accusantium ut quae deleniti architecto. Corporis et quibusdam quam et ex.', 1, '2019-04-23 05:44:23', '2019-04-23 05:44:23'),
(286, 39, 'Easter Carroll', 'Amet aperiam consequatur autem et. Sint et consectetur fugiat dolores voluptatem. Necessitatibus ut rerum laborum eum ea nostrum. Et vel quis occaecati unde.', 3, '2019-04-23 05:44:23', '2019-04-23 05:44:23'),
(287, 76, 'Vicky Berge', 'Molestiae voluptas aliquid sapiente mollitia consequuntur quos. Vero at et odio facere ut. Voluptatem in officia facilis labore ducimus laudantium quas. Et rerum perspiciatis qui.', 2, '2019-04-23 05:44:23', '2019-04-23 05:44:23'),
(288, 78, 'Kenny Dooley', 'Exercitationem corporis consectetur in neque. Et quod ea impedit. Ipsa quo ratione minus officiis qui hic vel. Ut ab et ut repellat molestias sit fugit.', 3, '2019-04-23 05:44:23', '2019-04-23 05:44:23'),
(289, 11, 'Bettie O\'Connell Jr.', 'Dolorem soluta voluptatum sed harum est eum. Possimus in placeat facilis corrupti molestias nihil veritatis consequuntur. Alias sapiente corrupti hic voluptatem earum non asperiores nihil. Vero quis repellendus perferendis quam qui libero alias.', 4, '2019-04-23 05:44:23', '2019-04-23 05:44:23'),
(290, 41, 'Alexys Towne', 'Error facilis molestiae molestias quo consequuntur doloribus. Nulla eveniet quis fugit rem qui harum quibusdam. Quia at sequi quia quo asperiores neque.', 4, '2019-04-23 05:44:23', '2019-04-23 05:44:23'),
(291, 15, 'Dominique Kunde', 'Consequatur ut sunt amet esse dolor. Ea quos officia excepturi cum laboriosam commodi. Maiores pariatur ut ut voluptatem itaque non.', 0, '2019-04-23 05:44:23', '2019-04-23 05:44:23'),
(292, 78, 'Ellie Berge V', 'Fugiat blanditiis et saepe. Est dolorem dolor voluptatem libero non aspernatur. Voluptatibus harum odit quasi. Impedit magnam saepe recusandae et.', 2, '2019-04-23 05:44:23', '2019-04-23 05:44:23'),
(293, 47, 'Liam Senger', 'Facere maiores autem error eius quaerat accusantium. Hic animi suscipit dicta sit distinctio. Architecto neque ea esse quos accusamus iure ducimus voluptatem.', 0, '2019-04-23 05:44:23', '2019-04-23 05:44:23'),
(294, 1, 'Mina Sanford', 'Occaecati autem veniam modi voluptas recusandae. Et quas molestias quia corporis qui et. Perferendis accusantium qui voluptate vitae placeat.', 5, '2019-04-23 05:44:23', '2019-04-23 05:44:23'),
(295, 33, 'Alyce Smitham I', 'Quo reiciendis et itaque amet sed totam. Perferendis veritatis quos velit eveniet animi excepturi sunt. Atque qui autem qui totam ut molestiae. Similique dignissimos est numquam aliquid saepe at sint.', 1, '2019-04-23 05:44:23', '2019-04-23 05:44:23'),
(296, 88, 'Dr. Makayla Kuphal', 'Tempore consectetur quae recusandae harum. Veniam ad et cumque consequatur corporis. Cum eos aut rerum.', 0, '2019-04-23 05:44:23', '2019-04-23 05:44:23'),
(297, 84, 'Mrs. Joannie Mraz', 'Dolores nesciunt nihil assumenda quia qui consequatur unde. Optio praesentium ullam modi voluptatem dolorem ad molestias voluptas. Fugiat tempore autem enim quia vel.', 0, '2019-04-23 05:44:23', '2019-04-23 05:44:23'),
(298, 91, 'Miss Ursula Homenick MD', 'Autem et ut harum provident enim. Quaerat molestiae assumenda minus voluptatum dolore qui. Ea sequi quod odio et iure ullam saepe.', 1, '2019-04-23 05:44:23', '2019-04-23 05:44:23'),
(299, 6, 'Johan Keeling Jr.', 'Laborum est qui nam ut ut. Impedit delectus aliquid consequatur assumenda. Itaque aut autem occaecati aliquam. Omnis sit libero a sequi itaque doloribus voluptatem.', 1, '2019-04-23 05:44:23', '2019-04-23 05:44:23'),
(300, 15, 'Bria Kihn', 'Repellat consequatur quo ea voluptas est ea sequi. Quasi veniam et ut accusantium doloremque voluptatem. Facilis explicabo qui culpa id.', 3, '2019-04-23 05:44:23', '2019-04-23 05:44:23');

-- --------------------------------------------------------

--
-- Table structure for table `users`
--

CREATE TABLE `users` (
  `id` bigint(20) UNSIGNED NOT NULL,
  `name` varchar(191) COLLATE utf8mb4_unicode_ci NOT NULL,
  `email` varchar(191) COLLATE utf8mb4_unicode_ci NOT NULL,
  `email_verified_at` timestamp NULL DEFAULT NULL,
  `password` varchar(191) COLLATE utf8mb4_unicode_ci NOT NULL,
  `remember_token` varchar(100) COLLATE utf8mb4_unicode_ci DEFAULT NULL,
  `created_at` timestamp NULL DEFAULT NULL,
  `updated_at` timestamp NULL DEFAULT NULL
) ENGINE=InnoDB DEFAULT CHARSET=utf8mb4 COLLATE=utf8mb4_unicode_ci;

--
-- Indexes for dumped tables
--

--
-- Indexes for table `migrations`
--
ALTER TABLE `migrations`
  ADD PRIMARY KEY (`id`);

--
-- Indexes for table `password_resets`
--
ALTER TABLE `password_resets`
  ADD KEY `password_resets_email_index` (`email`);

--
-- Indexes for table `products`
--
ALTER TABLE `products`
  ADD PRIMARY KEY (`id`);

--
-- Indexes for table `reviews`
--
ALTER TABLE `reviews`
  ADD PRIMARY KEY (`id`);

--
-- Indexes for table `users`
--
ALTER TABLE `users`
  ADD PRIMARY KEY (`id`),
  ADD UNIQUE KEY `users_email_unique` (`email`);

--
-- AUTO_INCREMENT for dumped tables
--

--
-- AUTO_INCREMENT for table `migrations`
--
ALTER TABLE `migrations`
  MODIFY `id` int(10) UNSIGNED NOT NULL AUTO_INCREMENT, AUTO_INCREMENT=4;

--
-- AUTO_INCREMENT for table `products`
--
ALTER TABLE `products`
  MODIFY `id` bigint(20) UNSIGNED NOT NULL AUTO_INCREMENT, AUTO_INCREMENT=101;

--
-- AUTO_INCREMENT for table `reviews`
--
ALTER TABLE `reviews`
  MODIFY `id` bigint(20) UNSIGNED NOT NULL AUTO_INCREMENT, AUTO_INCREMENT=301;

--
-- AUTO_INCREMENT for table `users`
--
ALTER TABLE `users`
  MODIFY `id` bigint(20) UNSIGNED NOT NULL AUTO_INCREMENT;
COMMIT;

/*!40101 SET CHARACTER_SET_CLIENT=@OLD_CHARACTER_SET_CLIENT */;
/*!40101 SET CHARACTER_SET_RESULTS=@OLD_CHARACTER_SET_RESULTS */;
/*!40101 SET COLLATION_CONNECTION=@OLD_COLLATION_CONNECTION */;
